date,HUFL,HULL,MUFL, MULL,LUFL,LULL,OT
01.01.2015,9,8.4,746.7,771.4,85,1,52
02.01.2015,9.4,8.6,746.3,771,89,1,22
03.01.2015,11.9,7.2,739.3,763.7,85,1,52
04.01.2015,10.2,8.8,734.9,759.2,88,2,28
05.01.2015,9.7,8.2,741.4,766,97,1,32
06.01.2015,11,7,745.4,770.3,88,1,36
07.01.2015,12.5,6,747.9,772.6,72,2,32
08.01.2015,8.9,8,749.7,774.6,89,1,27
09.01.2015,10,8,748.6,773.5,93,2,30
10.01.2015,12.2,7.3,747,771.7,73,1,31
11.01.2015,13.8,8.1,747.6,772.3,72,0,48
12.01.2015,14.8,6.6,746.1,770.8,80,2,34
13.01.2015,15.7,5.5,744.8,769.4,70,3,38
14.01.2015,11.4,8.5,745,769.6,83,1,38
15.01.2015,12,8.7,746.4,771,75,1,33
16.01.2015,12.6,9.9,746.6,771.2,78,1,31
17.01.2015,11.3,9.8,746.7,771.2,72,2,22
18.01.2015,13,9,748.4,773,79,1,26
19.01.2015,11.5,9,742.2,766.6,77,0,26
20.01.2015,14.7,8.2,745.8,770.4,79,1,31
21.01.2015,16.9,7.1,742.1,766.5,69,1,47
22.01.2015,17.1,6.6,739,763.2,73,1,30
23.01.2015,16.9,11.1,732.9,756.7,61,2,28
24.01.2015,13.8,11.7,740,764.3,82,1,19
25.01.2015,14.6,11,741.3,765.6,80,1,23
26.01.2015,13.2,11.7,740.3,764.5,86,1,26
27.01.2015,12.5,10.8,737.4,761.7,95,2,21
28.01.2015,10.6,8.4,740.4,765,89,1,30
29.01.2015,7.4,5.1,746.6,771.7,97,1,18
30.01.2015,7,5.2,747.3,772.3,69,2,22
31.01.2015,7.2,5.8,748.2,773.2,64,2,30
01.02.2015,10.4,5.6,746.2,771,69,2,18
02.02.2015,10.7,6.9,747.3,772,66,1,27
03.02.2015,11,7.7,749.3,774.1,72,1,20
04.02.2015,10.2,8,748.9,773.8,78,2,18
05.02.2015,9.8,7,748.1,773,80,1,14
06.02.2015,11.3,3.5,743.4,767.9,61,2,19
07.02.2015,11.7,8.7,748.9,773.7,81,1,15
08.02.2015,8.7,6.5,745.6,770.3,77,2,12
09.02.2015,10.7,8,745.2,769.9,65,1,8
10.02.2015,10.9,8,743.9,768.6,76,1,9
11.02.2015,15.9,5.7,742.2,766.7,72,2,13
12.02.2015,17.8,5.8,738.4,762.7,74,1,13
13.02.2015,15.3,9.5,735.9,760,71,1,11
14.02.2015,18,11.6,734.3,758.2,69,1,10
15.02.2015,19.3,11.8,741.3,765.4,71,1,9
16.02.2015,15.6,12.2,740.7,764.9,86,1,8
17.02.2015,19.8,10.8,736.1,760,73,2,10
18.02.2015,22,13.2,734.9,758.5,69,2,4
19.02.2015,19.9,14.6,733.3,756.9,68,2,6
20.02.2015,17.7,13.8,736.9,760.7,75,2,6
21.02.2015,16.7,13.7,737.9,761.8,69,2,3
22.02.2015,14.4,11.5,739,763.2,78,1,8
23.02.2015,12.5,11.4,739.7,763.9,79,1,8
24.02.2015,15.8,11.4,736.1,760.1,72,1,16
25.02.2015,17.5,12.4,738.2,762.2,74,1,13
26.02.2015,15.3,12.9,733.8,757.6,65,2,14
27.02.2015,15.5,12.1,738.3,762.4,73,2,10
28.02.2015,12.3,7.3,748.6,773.5,85,1,11
01.03.2015,10,7.7,742.9,767.5,80,1,6
02.03.2015,12.2,8.5,739.2,763.5,75,1,13
03.03.2015,14.7,9.8,737.3,761.4,69,2,14
04.03.2015,13.4,10.5,738.7,762.9,51,1,9
05.03.2015,12.4,9,742.5,766.9,64,2,8
06.03.2015,16,8.3,740.9,765.2,62,2,11
07.03.2015,18.6,8.6,737.6,761.5,48,4,10
08.03.2015,20.1,12.8,741.3,765.4,61,2,14
09.03.2015,15.2,11.7,743.6,767.8,66,2,15
10.03.2015,17.4,12.7,743.9,768.1,52,2,12
11.03.2015,16.3,12.2,744.4,768.7,67,1,19
12.03.2015,21.6,10.8,736.9,760.6,51,3,10
13.03.2015,20.9,15.3,738.1,761.9,59,1,15
14.03.2015,17.1,13.2,737.8,761.8,86,2,19
15.03.2015,22.5,13.1,737.7,761.4,72,1,23
16.03.2015,22.6,15.2,730.6,753.9,60,2,22
17.03.2015,23.1,18.1,731.3,754.7,75,2,10
18.03.2015,23.3,17.6,734.4,757.9,76,2,26
19.03.2015,17.9,16.4,738.3,762.1,82,2,11
20.03.2015,20.3,15.4,744.3,768.4,71,3,16
21.03.2015,22.2,13.1,740,763.8,64,3,12
22.03.2015,18,16.2,740.9,764.8,73,1,13
23.03.2015,24.2,15.4,742.9,766.6,57,1,24
24.03.2015,20.4,16.5,743.8,767.8,72,1,26
25.03.2015,25.5,13.8,739.5,762.3,44,3,28
26.03.2015,24.9,18.1,741.3,763.9,46,0,33
27.03.2015,19.2,16.8,741.1,764,91,1,28
28.03.2015,22,15.8,735.9,758.6,68,1,27
29.03.2015,23.4,17.6,733.7,756.2,65,2,25
30.03.2015,28.3,17.3,724.9,747,54,1,41
31.03.2015,32,20.8,724.3,746.8,59,2,34
01.04.2015,36.2,23.2,720.3,742.6,49,3,33
02.04.2015,29.4,20.8,723.4,746.2,60,2,25
03.04.2015,32,21.7,723.7,746.2,57,4,47
04.04.2015,30.8,21.1,725.7,748.3,55,2,37
05.04.2015,22.7,14.9,736.2,760,80,2,47
06.04.2015,17,14.3,740.4,764.5,95,1,39
07.04.2015,13.5,12.1,745.1,769.4,87,1,39
08.04.2015,17.9,11.5,741.3,765.3,71,1,43
09.04.2015,16.2,12.3,743.1,767.2,81,0,46
10.04.2015,21.3,13.5,741.6,765.5,82,1,52
11.04.2015,18.5,15.4,746,770.1,73,1,41
12.04.2015,23.8,12.7,743.8,767.7,69,2,40
13.04.2015,25.6,14.3,741.5,765.2,41,1,51
14.04.2015,27.6,13.9,735.7,759.2,58,3,47
15.04.2015,26.6,14.5,735,758.4,66,2,49
16.04.2015,29.6,16.7,726.8,749.7,66,1,54
17.04.2015,31.1,20.8,726.2,748.9,61,2,53
18.04.2015,24.3,21.1,729.2,752.3,86,0,58
19.04.2015,21,16,738.1,761.7,65,1,48
20.04.2015,26,16.6,736.3,759.7,60,2,63
21.04.2015,24.7,19,740.1,763.5,63,1,46
22.04.2015,20.8,16.2,742.5,766.5,87,1,45
23.04.2015,18,16.2,743.4,767.3,86,1,40
24.04.2015,23,16.4,742.6,766.4,83,2,64
25.04.2015,26.9,16.1,739.5,763,71,2,49
26.04.2015,27.1,17.2,736.4,759.6,67,1,61
27.04.2015,29.7,19.3,734.8,757.9,69,1,63
28.04.2015,31.9,20.6,733.8,756.7,59,1,70
29.04.2015,33.9,21.2,731.6,754.3,52,1,50
30.04.2015,32.2,22.3,728.4,751,55,2,61
01.05.2015,25.9,17.6,734.9,758.4,81,1,41
02.05.2015,27.3,16.6,732,755.2,61,2,57
03.05.2015,21.4,18.8,736.9,760.4,87,1,47
04.05.2015,22.3,18.2,737.6,761.2,79,1,85
05.05.2015,22.9,17.4,734.5,757.9,78,1,57
06.05.2015,27.3,17.1,733.5,756.6,65,2,70
07.05.2015,28.9,21.1,731,753.9,66,3,56
08.05.2015,29.8,19.7,733.5,756.7,68,1,56
09.05.2015,31.7,19.2,730.1,753,53,2,53
10.05.2015,31.9,21.5,733.6,756.7,61,8,64
11.05.2015,25.9,18.2,737.8,761.3,56,1,78
12.05.2015,25.6,19.5,732.6,755.6,51,2,79
13.05.2015,26.3,21.4,729.3,752.2,60,1,84
14.05.2015,28.7,21.4,731.4,754.4,75,1,63
15.05.2015,23,21.1,736.1,759.4,94,1,64
16.05.2015,24.7,20.3,732.6,755.8,80,2,49
17.05.2015,24,20.2,732.5,755.6,78,2,63
18.05.2015,29.7,20.1,730.8,753.7,77,2,74
19.05.2015,28.8,21.8,730.9,753.7,72,1,82
20.05.2015,31.1,23.6,732.5,755.3,66,1,64
21.05.2015,29.7,22.5,733.1,756.2,79,2,68
22.05.2015,22.1,18.7,735.3,758.8,84,0,59
23.05.2015,23.4,18.6,733.7,757,81,1,62
24.05.2015,29.1,19.9,731.3,754.2,73,2,91
25.05.2015,23.6,20.9,732.5,755.7,72,1,100
26.05.2015,24.1,18.9,732.2,755.4,83,0,105
27.05.2015,26.5,21.1,728.7,751.6,85,1,91
28.05.2015,25.6,22.3,728.4,751.3,88,1,94
29.05.2015,27.1,21.7,733.9,757,70,1,72
30.05.2015,29.8,21.3,732.6,755.6,78,1,89
31.05.2015,32.8,21.4,727,749.5,65,1,86
01.06.2015,24,22.8,729.6,752.5,91,0,100
02.06.2015,28.1,23.1,731.7,754.6,89,1,113
03.06.2015,24,22.5,733.8,757,90,1,106
04.06.2015,25.7,21.3,735.7,758.9,88,2,102
05.06.2015,28.8,21.5,732,754.9,79,1,102
06.06.2015,24.4,20.9,732.5,755.8,95,1,98
07.06.2015,25,20.7,732.6,755.7,87,1,103
08.06.2015,26.6,21.5,733.6,756.7,81,2,140
09.06.2015,31.5,21.6,729.1,751.9,72,2,123
10.06.2015,33.9,23.7,732,754.7,69,2,114
11.06.2015,34.9,25.1,733.1,756,67,1,131
12.06.2015,30.9,20,733,756.3,90,2,110
13.06.2015,21.2,19.5,732.3,755.5,91,2,104
14.06.2015,27.2,20.5,731.5,754.5,83,2,123
15.06.2015,23.7,22.8,730,753,90,2,122
16.06.2015,27,21.7,728.3,751.2,85,2,120
17.06.2015,27.6,22.3,730.2,753.1,90,1,118
18.06.2015,26.5,23.8,731.8,754.8,87,1,101
19.06.2015,31.4,23,731.2,754,83,1,104
20.06.2015,25.9,22.6,732.7,755.8,94,1,111
21.06.2015,30,22.2,730.8,753.7,84,2,94
22.06.2015,32.6,23.4,726.3,748.7,63,1,120
23.06.2015,32.9,27.1,726,748.5,75,2,133
24.06.2015,30.3,26.6,727.2,749.8,82,2,125
25.06.2015,31.6,25.7,725.9,748.3,79,1,121
26.06.2015,36,27.1,721.9,744,62,1,90
27.06.2015,36.6,29,724.5,746.6,70,2,77
28.06.2015,38.2,30,724.8,746.9,65,2,89
29.06.2015,33.6,25.6,726.9,749.6,90,3,106
30.06.2015,28.1,24.4,729.8,752.6,96,1,110
01.07.2015,26.9,24.6,728.8,751.6,83,1,110
02.07.2015,26.4,23.6,729.8,752.8,96,2,78
03.07.2015,23.4,21.3,733.3,756.5,90,1,112
04.07.2015,22.9,20,734.6,757.9,86,1,82
05.07.2015,25.1,20.4,734.1,757.3,86,1,83
06.07.2015,30.2,20.3,732.3,755.3,73,1,107
07.07.2015,32.7,21.6,731.7,754.5,70,2,99
08.07.2015,34.1,23.6,731.1,753.8,59,2,86
09.07.2015,32,24.2,734.1,757,77,1,61
10.07.2015,33,24.9,732,754.7,69,1,59
11.07.2015,34.8,24.7,728.7,751.2,66,2,49
12.07.2015,37.4,26.1,728.6,751,62,2,53
13.07.2015,34.5,27.8,728.5,751,67,1,51
14.07.2015,27.9,23.4,728.7,751.6,96,4,40
15.07.2015,29.8,22.6,729.8,752.5,77,0,40
16.07.2015,34.3,24.3,728.8,751.3,68,1,49
17.07.2015,34.9,25.5,729.2,751.7,68,2,40
18.07.2015,36.3,25.9,728.8,751.2,55,2,49
19.07.2015,34.8,26.9,729.8,752.2,64,1,33
20.07.2015,36.4,26.9,729.8,752.2,55,2,26
21.07.2015,32.7,28.2,729.7,752.2,71,2,50
22.07.2015,25.9,23,730.9,753.7,88,1,32
23.07.2015,32.7,24.4,731.9,754.7,75,1,29
24.07.2015,34,24.7,730.6,753.2,69,1,27
25.07.2015,34.8,26,728.7,751.2,70,2,36
26.07.2015,34.5,26.9,730.5,753.1,64,2,33
27.07.2015,36,26.3,730.1,752.6,58,1,26
28.07.2015,35.6,26.8,730.4,752.8,59,1,28
29.07.2015,35.6,28.1,730.1,752.4,51,3,24
30.07.2015,36.8,28.6,730.1,752.5,57,3,25
31.07.2015,36.9,26.9,730.4,752.9,76,1,20
01.08.2015,36.7,28.2,730.5,752.7,48,2,25
02.08.2015,37.3,29.8,729.4,751.6,44,3,16
03.08.2015,37.1,30.4,728.6,750.8,40,3,18
04.08.2015,35.9,29.4,729.1,751.6,56,2,14
05.08.2015,33.1,23.5,730.1,752.8,64,3,16
06.08.2015,35,25.1,731.2,753.7,56,1,17
07.08.2015,33.9,23.4,733.7,756.8,92,1,17
08.08.2015,25.7,23.4,734.3,757.3,80,1,19
09.08.2015,28.8,24.1,733.5,756.4,79,2,12
10.08.2015,31.5,24.3,733.2,756,75,1,9
11.08.2015,30.6,25.4,732.1,754.9,77,2,11
12.08.2015,34.5,25.6,731.4,754,73,2,7
13.08.2015,34.4,26.7,730,752.5,71,2,11
14.08.2015,35.3,27.7,729.6,752.2,68,3,18
15.08.2015,31.5,27.2,730.5,753.1,76,1,15
16.08.2015,34.3,27,729.4,752.1,83,2,20
17.08.2015,26.3,24.4,730.5,753.4,92,1,11
18.08.2015,24.4,22.7,732.9,756,96,1,16
19.08.2015,22.9,21.6,736.8,760.1,92,1,12
20.08.2015,28.9,22.1,735,758,83,2,11
21.08.2015,33.3,22.9,732.5,755.3,76,2,8
22.08.2015,33.4,24.4,730.5,753.1,68,1,10
23.08.2015,34.4,25.9,730.1,752.7,69,1,18
24.08.2015,33.4,26.3,731.7,754.5,77,2,8
25.08.2015,26.1,23.6,734.9,757.9,77,1,5
26.08.2015,28.8,23.8,733.7,756.6,77,2,7
27.08.2015,25.3,23.3,735,758.1,89,1,6
28.08.2015,30,23.5,733.2,756.1,81,1,10
29.08.2015,31.2,24.1,732.8,755.7,76,1,13
30.08.2015,33,24.1,732.4,755.1,74,2,8
31.08.2015,33.7,25.2,733.4,756.1,71,1,8
01.09.2015,33.3,25.9,732.8,755.6,69,1,12
02.09.2015,33,24.7,733.6,756.6,88,2,5
03.09.2015,33,24.8,732.1,754.7,59,1,22
04.09.2015,31.5,26.4,733.3,756.1,75,2,9
05.09.2015,26.3,24,733.5,756.4,89,1,18
06.09.2015,26.5,22.7,734.3,757.4,81,1,17
07.09.2015,33.6,22.3,732.7,755.4,65,1,15
08.09.2015,31.2,26,734,756.7,61,1,11
09.09.2015,31.3,26.4,735.8,758.6,71,1,17
10.09.2015,31.8,26.6,733.8,756.6,81,2,15
11.09.2015,24.5,19.9,740.7,764.3,95,3,14
12.09.2015,25.3,18.4,742,765.4,70,1,21
13.09.2015,24.6,20.7,740,763.4,78,1,27
14.09.2015,27.5,21.2,738,761.2,67,1,27
15.09.2015,28.6,22.6,737.7,760.9,76,1,37
16.09.2015,26.7,21.8,736,759.2,77,2,28
17.09.2015,22.6,19.9,740,763.6,96,2,8
18.09.2015,21.2,19.7,739.2,762.7,95,0,14
19.09.2015,21.7,20,738.3,761.7,94,1,16
20.09.2015,26.2,20.1,734.8,758,87,1,28
21.09.2015,25.9,21.8,732.2,755.2,80,1,30
22.09.2015,22.7,20.5,736.1,759.4,85,1,20
23.09.2015,27.8,20.9,729.1,751.9,71,2,22
24.09.2015,23.9,21,733.9,757.2,86,2,27
25.09.2015,22.8,19.9,735.1,758.4,91,2,21
26.09.2015,21.5,20.2,736.3,759.7,92,1,26
27.09.2015,21.8,20,735.4,758.7,88,2,22
28.09.2015,23.1,19.7,736.6,759.9,92,1,38
29.09.2015,24.8,20.8,737.6,760.9,92,1,40
30.09.2015,28.9,22.1,738.1,761.2,81,3,33
01.10.2015,24.3,18.9,741.8,765.5,70,2,42
02.10.2015,25.9,16.6,738.6,761.9,68,1,30
03.10.2015,21.4,18.4,743,766.8,89,1,54
04.10.2015,19.3,17.8,744.8,768.7,96,1,46
05.10.2015,20.9,17.8,740,763.6,95,1,59
06.10.2015,21.7,18.5,738.8,762.3,85,1,48
07.10.2015,26.4,20.1,739.1,762.5,89,1,47
08.10.2015,24.9,19.9,740.1,763.6,89,1,53
09.10.2015,22.5,19.3,740.6,764.2,74,1,41
10.10.2015,24,18,743,766.7,82,1,40
11.10.2015,26.7,17.2,743,766.6,68,1,38
12.10.2015,26.8,19.1,741.5,765,73,1,37
13.10.2015,26,19.3,741.5,765.1,73,2,45
14.10.2015,27.8,17.1,740.6,764.2,75,2,48
15.10.2015,28.6,17.3,739.1,762.5,70,2,43
16.10.2015,30,18.5,737.1,760.3,67,1,44
17.10.2015,25.5,19.2,739.6,763,85,1,46
18.10.2015,21.8,20.8,740.5,764,94,0,48
19.10.2015,25.7,20.3,736.7,760.1,90,2,56
20.10.2015,26.8,18.6,735,758.3,86,2,59
21.10.2015,28.7,18.7,735.2,758.4,68,2,33
22.10.2015,28.5,20.1,735.5,758.6,61,1,53
23.10.2015,23.2,19.6,735.7,759.1,82,2,51
24.10.2015,25.3,20.7,736.4,759.8,84,2,53
25.10.2015,22.9,20.3,738.1,761.5,79,2,59
26.10.2015,21.8,18,742.5,766.3,65,4,66
27.10.2015,18.7,15.8,739.6,763.4,68,3,55
28.10.2015,19.5,16.3,739.9,763.8,82,2,55
29.10.2015,19.9,16.5,743,766.8,79,3,66
30.10.2015,17.6,15.9,745.5,769.6,88,1,57
31.10.2015,15.6,14.6,749.5,773.8,81,1,54
01.11.2015,18,14.1,745.9,770.1,86,2,58
02.11.2015,21.6,12.7,740.6,764.4,72,3,78
03.11.2015,18.5,16.4,740.3,764.1,68,1,65
04.11.2015,17.5,16.2,738.6,762.4,81,2,56
05.11.2015,17,15.3,734.3,758,96,2,69
06.11.2015,19.4,15.7,736,759.6,86,1,60
07.11.2015,22.2,16.1,739.5,763.2,79,2,49
08.11.2015,20.2,16,742.4,766.4,89,2,67
09.11.2015,19.2,15.4,739.7,763.4,76,1,83
10.11.2015,18,16.1,740.4,764.2,84,2,79
11.11.2015,19.6,16.2,741,764.8,66,2,64
12.11.2015,18.7,15.3,742.3,766.3,78,1,66
13.11.2015,19.1,14.7,738.7,762.6,79,1,68
14.11.2015,18.5,14.8,734.7,758.3,78,4,66
15.11.2015,17.9,15.2,737.6,761.5,91,2,57
16.11.2015,18.6,14.5,734.7,758.3,81,1,89
17.11.2015,17.5,16.7,740,763.8,87,1,81
18.11.2015,18.2,16.4,739.8,763.6,84,1,72
19.11.2015,18.1,16.6,741.3,765.1,83,1,63
20.11.2015,20.2,16.3,740.4,764.1,78,1,64
21.11.2015,22.4,16.6,737.4,760.9,71,2,71
22.11.2015,20.4,18.6,740.3,764,84,1,71
23.11.2015,22.6,17.5,735.6,759.1,78,1,97
24.11.2015,19.5,12.9,746.4,770.7,80,3,64
25.11.2015,14.7,12,746.6,771,88,1,89
26.11.2015,13.9,11.7,743.5,767.8,81,1,79
27.11.2015,13.9,12.3,743.7,768,79,1,76
28.11.2015,13.2,11.6,746.8,771.2,83,2,70
29.11.2015,16.9,11.9,744.2,768.5,84,2,95
30.11.2015,13.2,10.5,740.2,764.3,81,1,94
01.12.2015,13.1,12,742.9,767.2,86,1,76
02.12.2015,14.3,11.9,744.9,769.2,91,1,65
03.12.2015,13.6,12.1,745.3,769.7,91,1,66
04.12.2015,13.4,10.3,744.2,768.7,81,0,61
05.12.2015,12.3,9.2,748.2,772.8,87,2,64
06.12.2015,15.3,8.1,746.8,771.4,81,2,46
07.12.2015,16.4,7.3,744.6,769,76,2,70
08.12.2015,15.7,10.4,742.9,767.1,72,1,81
09.12.2015,15.3,12.3,741.6,765.7,78,2,89
10.12.2015,15.5,12.6,738.1,762.1,76,1,70
11.12.2015,14.4,13,736.9,760.9,58,2,53
12.12.2015,12.5,10,740.1,764.5,84,1,34
13.12.2015,10.6,9.8,744.9,769.5,95,1,62
14.12.2015,10.2,7.1,747.4,772.3,91,2,56
15.12.2015,7.4,6.1,751.3,776.4,85,2,52
16.12.2015,11,5.3,750.6,775.7,87,2,66
17.12.2015,11.8,3.7,746.7,771.4,64,1,50
18.12.2015,9,6.3,747.4,772.3,87,0,37
19.12.2015,7.2,6.5,748,772.9,83,2,36
20.12.2015,10.4,6.8,742.2,766.9,76,2,36
21.12.2015,9.2,7.2,743.8,768.4,75,1,49
22.12.2015,11.9,8.4,743.4,768,81,2,41
23.12.2015,11,8.5,743.6,768.1,79,1,43
24.12.2015,11.2,8.1,749.2,774.1,82,1,41
25.12.2015,12.1,8.1,745.5,770.1,81,2,33
26.12.2015,10.8,7.2,746.2,771.1,93,2,41
27.12.2015,9.6,6.4,750,775,84,2,40
28.12.2015,8,6,750.1,775,91,1,48
29.12.2015,10.4,7.9,749.9,774.7,86,1,36
30.12.2015,10.3,8.6,750.2,775,88,1,46
31.12.2015,11.5,8,746.4,771,86,1,36
01.01.2016,12.6,9.1,745.6,770.3,93,2,29
02.01.2016,14,6.9,741.8,766.3,89,1,37
03.01.2016,10.6,7,741.6,766,87,1,23
04.01.2016,14.4,9.7,741.8,766.3,87,2,38
05.01.2016,14.3,7.9,741.8,766.2,84,1,38
06.01.2016,10.5,9.8,744,768.5,94,1,36
07.01.2016,10.4,8.6,746.2,770.9,95,2,17
08.01.2016,9.4,8.5,742.1,766.7,87,1,25
09.01.2016,9.1,8.5,742.1,766.7,92,2,28
10.01.2016,10.2,8.7,744.4,769,92,1,23
11.01.2016,13.3,9.2,741.8,766.2,78,1,25
12.01.2016,11.4,9.3,743.6,768.1,79,2,30
13.01.2016,11.1,9.2,742.6,767.1,76,1,26
14.01.2016,9.7,8,743.4,768,79,1,28
15.01.2016,12.9,8.6,736.6,760.9,71,2,23
16.01.2016,10.4,8.5,740.8,765.4,86,1,19
17.01.2016,14,7.6,739.1,763.6,81,2,39
18.01.2016,12.1,7.4,741.9,766.3,75,1,33
19.01.2016,11,9.5,740.3,764.7,65,1,18
20.01.2016,9.2,7.3,744.3,769,83,1,21
21.01.2016,7.3,6.2,742.3,767.1,86,2,17
22.01.2016,6.4,3.5,752.6,778,89,5,22
23.01.2016,1.7,0.4,758.5,784.4,95,1,16
24.01.2016,5.8,0.9,757.6,783.3,62,2,21
25.01.2016,6.1,0.2,749.8,775,61,1,15
26.01.2016,6.3,3.4,744.8,769.8,66,1,17
27.01.2016,6.3,4.8,742.1,767,69,1,15
28.01.2016,6.3,4.1,744.6,769.5,76,1,12
29.01.2016,10,5.4,744.7,769.6,81,1,17
30.01.2016,9.3,3.1,742,766.6,79,2,14
31.01.2016,7.8,6.3,750,775.1,91,2,14
01.02.2016,6.3,5.7,750.4,775.5,94,1,10
02.02.2016,9.8,5.6,745.3,770.3,86,2,11
03.02.2016,7.3,5.9,746.7,771.7,84,1,10
04.02.2016,10.2,6.2,747.4,772.3,81,2,13
05.02.2016,10.2,7,751.5,776.5,84,1,6
06.02.2016,15.4,4.2,750.8,775.7,75,1,7
07.02.2016,16.5,3.9,745,769.7,70,2,5
08.02.2016,14,4.3,740.2,764.5,61,1,1
09.02.2016,14.7,9.4,736,760.2,71,1,9
10.02.2016,17.2,9,732.2,756.3,79,2,9
11.02.2016,18.4,11.1,730.6,753.5,64,1,5
12.02.2016,18.6,13.2,734.6,758.5,81,3,10
13.02.2016,11.7,8,745,769.8,46,3,3
14.02.2016,5.2,3.7,752.6,777.9,77,2,5
15.02.2016,7.5,4.4,750.4,775.6,82,1,9
16.02.2016,10.1,4.2,748.3,773.2,74,1,9
17.02.2016,11.9,4,746.2,771,74,1,20
18.02.2016,14.7,5.1,742.5,766.9,59,1,9
19.02.2016,15.9,8.6,749,773.5,59,2,16
20.02.2016,13.9,10.2,741.4,765.7,67,1,12
21.02.2016,11.9,8,744.5,769.2,91,1,11
22.02.2016,11.3,7.9,747.1,771.7,75,1,8
23.02.2016,9.5,8.2,752,776.9,93,0,8
24.02.2016,15.7,8.1,750.8,775.4,63,1,9
25.02.2016,12,10,752,776.8,75,2,10
26.02.2016,17.5,8,746.4,770.9,72,2,8
27.02.2016,20.9,7.4,743.6,767.8,71,2,7
28.02.2016,21.8,8.9,747.4,771.7,68,1,7
29.02.2016,24.3,9.9,739.7,763.5,55,2,4
01.03.2016,25.4,12.1,738.7,762.4,61,2,3
02.03.2016,21.4,14.4,740.4,764.2,67,2,8
03.03.2016,23.1,15,735.9,759.6,70,2,3
04.03.2016,19,13.5,738,761.7,71,1,6
05.03.2016,23.8,16.2,736.3,759.8,70,2,7
06.03.2016,27.4,15.4,731.9,755.1,57,1,10
07.03.2016,25.3,18.7,731.1,754.4,65,1,16
08.03.2016,17,15.3,735.3,759.1,83,1,10
09.03.2016,13.8,9.8,743.6,768.1,90,3,12
10.03.2016,9.5,7.9,747.2,771.9,82,2,10
11.03.2016,15.3,9.1,739.6,763.8,67,1,10
12.03.2016,15.2,10.9,738.3,762.4,66,2,14
13.03.2016,15.1,11.9,744.1,768.4,72,1,18
14.03.2016,18.5,11.8,738,761.9,51,2,20
15.03.2016,19.6,13.2,735.4,759.1,53,2,20
16.03.2016,19.9,13.7,736,759.7,62,2,15
17.03.2016,20.5,15.2,736.9,760.6,73,2,16
18.03.2016,24,12.3,735,758.6,60,1,16
19.03.2016,23.7,14.3,733,756.4,62,1,20
20.03.2016,19.9,17.6,736,759.5,71,1,13
21.03.2016,19.6,16.4,735.7,759.3,73,2,13
22.03.2016,16.9,15,737.6,761.5,93,3,18
23.03.2016,14.8,12.6,744.9,769.2,94,2,18
24.03.2016,14,11,748,772.6,87,1,13
25.03.2016,20.1,9.2,744,768.1,62,3,27
26.03.2016,20.6,12.9,746.2,770.4,65,0,20
27.03.2016,21.6,10.7,741.8,765.7,59,1,24
28.03.2016,20.9,14,740.4,764.2,57,2,29
29.03.2016,16.9,14,742,766.1,91,1,12
30.03.2016,18.4,13.3,740.2,764.3,84,2,30
31.03.2016,19.1,12.1,736.2,759.9,77,1,16
01.04.2016,22,13.7,733.8,757.3,75,1,25
02.04.2016,22.8,18.1,734.3,757.8,79,2,22
03.04.2016,25.7,17.5,734,757.3,79,1,27
04.04.2016,27.3,17.6,730.6,753.6,57,2,24
05.04.2016,23.3,19.3,730.7,754,86,1,47
06.04.2016,18.6,17.5,736.4,760,84,1,22
07.04.2016,22.4,15.9,737.4,760.9,74,1,38
08.04.2016,20.1,17.8,736.3,759.8,90,1,34
09.04.2016,17.9,16.7,735.7,759.3,93,1,35
10.04.2016,22.2,16.7,736,759.5,90,1,38
11.04.2016,27.8,16.5,732.1,755.2,64,2,61
12.04.2016,22.3,18.9,732.9,756.2,84,0,43
13.04.2016,26.6,18,729.6,752.6,75,1,36
14.04.2016,20.7,18.7,733.1,756.5,91,0,56
15.04.2016,25,16.4,733.8,757.5,82,3,55
16.04.2016,26.1,15.8,733.5,756.9,68,2,40
17.04.2016,21.7,15.3,740.8,764.6,77,1,49
18.04.2016,25,14.3,733.5,756.9,57,2,59
19.04.2016,26,16.4,733.8,757.1,74,2,77
20.04.2016,21.6,17.1,737.5,761.2,83,1,62
21.04.2016,19.7,15.9,736.3,759.9,84,2,60
22.04.2016,17.7,16.4,734.4,758.1,89,1,53
23.04.2016,19.5,16.4,735.8,759.4,84,1,65
24.04.2016,17.3,16.1,735,758.7,95,1,51
25.04.2016,19.5,16.2,735,758.5,92,1,74
26.04.2016,22.3,17.8,737.2,760.8,92,1,57
27.04.2016,27.5,17.1,734.9,758.2,71,1,71
28.04.2016,25.7,19.9,738.3,761.7,83,1,54
29.04.2016,22.7,19.1,737,760.4,83,1,55
30.04.2016,25.8,18.7,732.9,756.1,76,2,56
01.05.2016,27.3,19.1,729.3,752.3,75,2,66
02.05.2016,30.7,21.6,734.5,757.5,63,2,62
03.05.2016,31.7,20.9,730.8,753.5,66,1,76
04.05.2016,32.2,24.2,727.5,750.1,68,2,101
05.05.2016,34.4,23.7,729,751.6,65,2,95
06.05.2016,32.2,21.6,729.7,752.8,93,4,63
07.05.2016,22.7,19.1,735.6,759.1,93,1,81
08.05.2016,19.9,17.1,735,758.5,84,2,79
09.05.2016,23.4,17.1,737,760.5,87,2,94
10.05.2016,30.9,18.2,733.4,756.5,67,1,95
11.05.2016,34.9,20.3,727.1,749.7,61,1,139
12.05.2016,35.2,23.5,731.1,753.8,52,4,107
13.05.2016,24.8,19.9,731.5,754.7,83,2,70
14.05.2016,21.9,16.5,741.9,765.8,78,2,54
15.05.2016,25.7,15.2,741.1,764.7,63,1,75
16.05.2016,28.7,16.7,734.1,757.3,50,2,80
17.05.2016,27.9,20.8,733.2,756.2,56,1,70
18.05.2016,25.3,21.4,732.5,755.6,71,1,79
19.05.2016,21.2,19.6,733.4,756.7,94,1,51
20.05.2016,25.4,19.8,735.2,758.5,77,2,60
21.05.2016,28.9,19.8,735.6,758.7,73,2,45
22.05.2016,23.6,19.9,735.7,759.1,94,1,57
23.05.2016,24.2,18.7,736.4,759.7,81,1,60
24.05.2016,30,19.7,728.5,751.3,56,1,45
25.05.2016,29.4,21.5,731.2,754.2,63,3,74
26.05.2016,17.5,16.1,736.3,760,82,1,52
27.05.2016,17.7,16.2,735.3,758.9,90,1,49
28.05.2016,21.9,16.9,734.7,758.1,81,1,41
29.05.2016,27.7,18.5,731.8,754.9,73,2,54
30.05.2016,29.9,20.6,726.8,749.5,70,2,59
31.05.2016,29.9,24.3,728.3,751.1,94,1,60
01.06.2016,33,23.1,727.4,750.1,87,3,56
02.06.2016,24.8,22.2,732.2,755.3,87,2,81
03.06.2016,30.3,21,731.7,754.6,72,2,65
04.06.2016,33.3,21.9,732.6,755.3,60,3,67
05.06.2016,33.5,23.7,731.6,754.4,58,2,69
06.06.2016,35.1,23.1,730.7,753.2,59,3,85
07.06.2016,29.8,24.3,733.3,756.2,74,2,82
08.06.2016,33.3,22.9,731.5,754.1,64,1,65
09.06.2016,28.3,23.7,733.3,756.4,81,1,54
10.06.2016,22.9,21.1,733,756.2,88,1,61
11.06.2016,25.8,21.4,732.8,755.9,87,1,64
12.06.2016,32,21.7,730.5,753.2,75,1,83
13.06.2016,33.6,24.1,727.7,750.2,70,2,86
14.06.2016,34.9,25.4,727.9,750.4,78,2,73
15.06.2016,26.8,22.1,734.5,757.6,78,1,59
16.06.2016,32.7,21.9,730,752.8,55,2,61
17.06.2016,34.9,22.1,726.9,749.2,54,1,87
18.06.2016,34.8,25.3,729.1,751.9,91,3,66
19.06.2016,24.7,24.2,729,751.9,93,2,83
20.06.2016,32.3,24.1,727.9,750.4,75,1,109
21.06.2016,34.5,26.3,729.3,752,86,0,101
22.06.2016,33.1,26.8,727,749.5,80,2,73
23.06.2016,36.8,27,727.1,749.7,90,2,62
24.06.2016,26.6,23.2,732.5,755.6,86,2,65
25.06.2016,22.3,21.2,735.3,758.6,91,1,71
26.06.2016,25.4,21.3,734.4,757.6,89,2,79
27.06.2016,23.7,21.1,733.1,756.2,85,2,85
28.06.2016,27.6,21.7,733.7,756.7,81,1,104
29.06.2016,32.9,22.4,730.3,752.9,72,2,92
30.06.2016,27.1,23.1,729.2,752.1,91,2,70
01.07.2016,31.9,23.2,729,751.7,80,1,71
02.07.2016,33.3,25.1,728.8,751.4,83,2,89
03.07.2016,32.2,25.5,728.7,751.5,83,2,70
04.07.2016,34.4,24.1,728.8,751.3,70,2,83
05.07.2016,32.8,26.1,730.5,753,58,1,69
06.07.2016,32.6,25.6,731.1,753.7,71,1,106
07.07.2016,33.9,26.8,728.5,750.9,67,2,95
08.07.2016,37.2,27.3,725.7,747.9,59,0,82
09.07.2016,38,29.2,725.8,747.9,59,4,81
10.07.2016,36.6,28.7,725.7,747.9,64,1,96
11.07.2016,37.6,29.6,725.9,748,66,2,80
12.07.2016,35.7,27.1,727.3,749.8,83,1,91
13.07.2016,32.9,24.3,728.6,751.5,96,2,85
14.07.2016,25.5,23,731.6,754.6,82,1,75
15.07.2016,32.4,22.8,728.4,751,70,2,74
16.07.2016,35.5,24.1,729.5,751.9,64,2,69
17.07.2016,36.4,27,727.1,749.5,68,2,110
18.07.2016,35.2,27,723.9,746.4,92,1,79
19.07.2016,27.2,25.5,726.3,748.9,89,1,70
20.07.2016,37.1,25.1,725.7,748,68,2,77
21.07.2016,37.8,28.3,726.1,748.3,63,2,67
22.07.2016,36.8,29.2,727.4,749.7,65,2,70
23.07.2016,36.4,28.4,728.2,750.7,66,4,83
24.07.2016,37.5,27.7,728.8,751,62,2,95
25.07.2016,39.2,30.6,729.7,751.9,60,2,83
26.07.2016,38.8,30.3,729.2,751.6,69,3,79
27.07.2016,31.1,27.1,732.7,755.3,69,2,60
28.07.2016,36.3,26.7,731.3,753.7,58,1,60
29.07.2016,36.5,26.9,730.5,752.7,43,2,50
30.07.2016,36.3,29.7,730.4,752.8,59,1,45
31.07.2016,34.7,26.7,731.4,754.1,82,1,68
01.08.2016,35.4,26.8,730.5,753,70,2,59
02.08.2016,34.7,27.8,729.2,751.7,71,1,60
03.08.2016,33.4,26.6,730.5,753.2,79,2,43
04.08.2016,33.4,27.3,731.6,754.2,68,1,50
05.08.2016,29.4,26.9,731.6,754.3,78,2,42
06.08.2016,32.4,24.9,730.3,753.2,84,1,51
07.08.2016,34.1,24.9,730.2,752.9,81,1,54
08.08.2016,33.2,25.5,730.7,753.5,87,2,55
09.08.2016,34.5,25.5,729.1,751.6,67,2,49
10.08.2016,35.9,27.5,730.5,753,70,2,56
11.08.2016,34,28.6,730.6,753.1,71,2,40
12.08.2016,36.9,28.2,728.9,751.2,63,1,49
13.08.2016,36,29.3,728.4,750.6,60,1,49
14.08.2016,37.4,29.4,728.2,750.4,62,1,50
15.08.2016,37,28.4,728.5,750.7,58,1,57
16.08.2016,38.2,29.8,726.3,748.4,55,2,52
17.08.2016,39.3,29.5,724.8,746.8,48,1,59
18.08.2016,40.1,29.9,726.7,748.7,44,1,47
19.08.2016,39.6,30.6,728.6,750.7,51,1,54
20.08.2016,38.8,31.7,729.2,751.3,50,2,61
21.08.2016,38.9,31.9,729,751.1,57,3,42
22.08.2016,39,32.9,729.5,751.7,61,2,45
23.08.2016,39.3,32.1,728.3,750.4,46,1,43
24.08.2016,40.5,30.8,728.1,750.1,50,2,56
25.08.2016,41.4,31.9,729.7,751.7,51,3,38
26.08.2016,33.4,28.2,735.4,758.2,66,2,35
27.08.2016,27.1,23.1,737.1,760.3,89,1,38
28.08.2016,26.1,21.8,734.2,757.2,74,1,35
29.08.2016,32.9,24.2,732.8,755.6,60,2,34
30.08.2016,23.7,21.8,734.7,757.9,80,2,31
31.08.2016,23.3,20.6,732.8,756,86,2,39
01.09.2016,28.6,20.8,731.3,754.2,79,0,39
02.09.2016,32.7,22,729.9,752.5,65,1,33
03.09.2016,30.3,26.2,732.6,755.3,68,1,37
04.09.2016,27.2,22.7,736.2,759.4,84,1,19
05.09.2016,23.2,22.4,735.8,759,85,1,33
06.09.2016,25,21.1,736.1,759.4,83,1,26
07.09.2016,25.9,21.2,734.4,757.5,81,1,29
08.09.2016,23.9,22.2,735,758.2,86,1,35
09.09.2016,23.4,21.1,736.4,759.7,93,1,41
10.09.2016,30,21,736.1,759.2,84,2,46
11.09.2016,32.5,21.9,734.9,757.8,74,2,40
12.09.2016,33.4,22.8,736.2,759.1,52,2,55
13.09.2016,30.2,24.6,737.1,760.1,77,2,65
14.09.2016,27.4,21.9,735.6,758.9,87,3,63
15.09.2016,21.6,20,737.2,760.6,85,1,64
16.09.2016,27.9,21,734.9,758,81,1,52
17.09.2016,31.2,21.4,735.3,758.2,72,1,71
18.09.2016,30.4,24.3,736,759.1,75,2,76
19.09.2016,23.8,22.7,739.5,762.8,81,2,80
20.09.2016,23.5,20.4,741.3,764.8,81,1,78
21.09.2016,26.4,21.6,740.2,763.6,83,1,80
22.09.2016,30.5,20.4,735.5,758.5,66,2,76
23.09.2016,25,21.4,735.8,759.1,84,1,102
24.09.2016,21.3,20.7,734.8,758.1,93,1,86
25.09.2016,23.9,20,733.9,757,82,1,96
26.09.2016,23.2,21.8,736.2,759.4,86,1,115
27.09.2016,25.6,21.8,737.8,761,81,1,106
28.09.2016,24.3,21.5,737.5,760.8,86,1,127
29.09.2016,23.4,21.1,736.4,759.7,89,1,120
30.09.2016,29.2,21,735.4,758.5,80,1,125
01.10.2016,30.6,22.6,736.2,759.2,81,0,157
02.10.2016,32.2,22.5,735.1,758.1,76,2,158
03.10.2016,33.8,22.7,731.7,754.5,69,1,155
04.10.2016,33.8,21.9,734.4,757.3,59,2,189
05.10.2016,31.6,22.2,735.2,758.2,62,1,186
06.10.2016,30.8,22.9,734.4,757.3,49,1,192
07.10.2016,24.6,21.1,739.5,762.9,73,1,173
08.10.2016,21.6,18.9,739,762.6,96,2,146
09.10.2016,18.6,16.3,740.1,764,94,1,145
10.10.2016,16.5,15.9,739.6,763.5,97,2,106
11.10.2016,17.4,15.9,741.5,765.4,96,1,106
12.10.2016,17.6,16.5,742.4,766.3,96,1,91
13.10.2016,18.1,16.6,740.7,764.5,96,1,100
14.10.2016,18,16.7,738.5,762.3,96,1,104
15.10.2016,19.2,16.5,740.8,764.5,90,1,92
16.10.2016,21.5,18.1,742,765.7,86,2,122
17.10.2016,21.5,18.5,740.4,764.1,93,1,122
18.10.2016,25.3,18,738.4,761.9,87,2,134
19.10.2016,26.7,19.6,734.9,758,76,1,144
20.10.2016,25.5,21.6,733,756.2,85,1,126
21.10.2016,25.7,21.5,734,757.1,84,0,131
22.10.2016,28.8,22.2,732.3,755.3,76,2,159
23.10.2016,25.1,21.3,732.3,755.5,85,2,171
24.10.2016,21.2,19.9,734.4,757.8,92,1,192
25.10.2016,21.5,18.4,731.9,755.3,90,2,177
26.10.2016,20.9,18.7,736,759.5,83,1,182
27.10.2016,18.8,17.3,738.9,762.7,95,2,164
28.10.2016,16.6,11.9,746.3,770.7,93,2,147
29.10.2016,12.7,11.4,748.1,772.6,92,1,149
30.10.2016,14.2,12.1,745.7,769.9,83,2,149
31.10.2016,17,13.9,747.4,771.6,81,1,196
01.11.2016,17.7,14.8,747.6,771.7,77,1,164
02.11.2016,17.6,15,746.8,770.9,84,1,159
03.11.2016,19.6,15.4,742,766,89,2,128
04.11.2016,21.3,13.2,735.6,759.2,76,1,118
05.11.2016,19.5,17.5,735.5,759.1,82,1,108
06.11.2016,17.9,16.2,738,761.8,96,1,129
07.11.2016,16.2,11,747.4,772,94,1,131
08.11.2016,12.6,10.8,748.7,773.3,94,1,105
09.11.2016,12.3,10,747.8,772.3,91,1,105
10.11.2016,15.5,11.4,743.4,767.8,84,2,105
11.11.2016,17.7,10.4,739.5,763.4,69,2,141
12.11.2016,15.3,14,740.4,764.4,82,1,101
13.11.2016,17.1,14.1,739.6,763.5,83,1,103
14.11.2016,20.1,14.3,742.3,766.3,80,1,112
15.11.2016,20.9,14.5,736.7,760.4,78,1,102
16.11.2016,18.4,15.7,739.2,763.1,93,1,118
17.11.2016,18.7,15.6,737,760.7,83,1,110
18.11.2016,21.8,14.6,734.5,758.2,85,2,78
19.11.2016,19.9,15.7,737.6,761.3,90,1,72
20.11.2016,19.2,16.1,736.2,760,95,1,97
21.11.2016,21.6,16.1,735.1,758.6,85,1,106
22.11.2016,18.8,10.1,742.2,766.7,95,1,130
23.11.2016,9.5,8.1,748.3,773.2,91,2,97
24.11.2016,10,8.3,744.6,769.3,83,2,98
25.11.2016,10,8.8,747.6,772.3,86,2,100
26.11.2016,14.4,8.7,745.6,770.3,81,2,134
27.11.2016,15.6,6.6,745.5,769.8,61,1,101
28.11.2016,13.3,11.3,745.3,769.7,73,1,106
29.11.2016,12.4,10.1,749.7,774.4,91,1,81
30.11.2016,14.1,9.6,748.3,773,91,2,86
01.12.2016,12.7,7.8,747,771.5,83,1,73
02.12.2016,12.8,11.4,746.1,770.6,74,1,68
03.12.2016,12.4,8.6,746.4,771,87,1,68
04.12.2016,13,8.2,742.4,766.9,92,1,64
05.12.2016,12.1,7.5,751,775.8,89,1,70
06.12.2016,15.9,8.1,744.9,769.3,81,1,62
07.12.2016,17,11.2,744.8,769.3,89,2,66
08.12.2016,16.1,8.9,739.3,763.6,84,2,46
09.12.2016,13.3,9.9,741.1,765.4,84,2,46
10.12.2016,13.2,11.1,737.9,762.1,89,1,51
11.12.2016,12.4,11.3,735.1,759.1,87,1,38
12.12.2016,12.6,11.6,741.6,765.8,89,1,55
13.12.2016,15.4,12.1,743.4,767.6,80,2,53
14.12.2016,13.1,11.7,746.9,771.4,91,1,52
15.12.2016,11.5,10.2,750.4,775.1,89,1,45
16.12.2016,15.2,10,743.4,767.9,77,2,53
17.12.2016,12.9,10.3,743.1,767.5,75,1,39
18.12.2016,12.5,10.1,741.4,765.7,70,1,30
19.12.2016,12.2,11,740.9,765.2,83,1,40
20.12.2016,11.3,10.4,741.7,766.1,96,0,57
21.12.2016,12.3,10.5,748.3,772.9,93,0,30
22.12.2016,13.1,8.5,743.5,768.1,81,2,43
23.12.2016,10.2,9.3,739.8,764.2,95,1,29
24.12.2016,10.5,9.6,738.4,762.8,80,1,25
25.12.2016,10.3,8.5,743.9,768.5,90,1,36
26.12.2016,10.5,8.6,751.4,776.3,80,1,40
27.12.2016,12.8,7.9,745.7,770.5,83,1,44
28.12.2016,13.7,6.9,748.7,773.2,66,1,42
29.12.2016,13.2,9,745.7,770.2,68,2,41
30.12.2016,13.8,10.1,744.6,768.9,63,2,28
31.12.2016,12.8,11,743.6,768,75,1,25
01.01.2017,13,10.7,744.8,769.2,72,2,30
02.01.2017,14.4,10.8,744.8,769.3,80,1,27
03.01.2017,12.7,8.6,741.1,765.4,81,1,30
04.01.2017,13.5,11.3,738.5,762.7,78,0,23
05.01.2017,13.5,10.1,739.1,763.5,92,1,17
06.01.2017,14.5,10,738.8,763,80,1,27
07.01.2017,14,11.3,740,764.3,88,1,24
08.01.2017,12.2,11.1,739.4,763.6,84,2,17
09.01.2017,12.3,10.8,739.1,763.3,79,1,19
10.01.2017,11.1,8.1,743.9,768.6,96,3,31
11.01.2017,7.7,6.7,746.2,771.1,91,2,23
12.01.2017,8.1,6.4,744.4,769.3,89,1,22
13.01.2017,11.1,5.4,742,766.7,82,1,17
14.01.2017,9.4,5.6,744.3,769,83,2,24
15.01.2017,12.7,8,742.6,767.2,74,2,23
16.01.2017,11,9,744.7,769.3,72,1,22
17.01.2017,12.3,5.9,743.5,768,67,1,31
18.01.2017,11.8,8.8,744.8,769.4,68,2,20
19.01.2017,13.3,8.7,748,772.6,71,2,28
20.01.2017,12.9,8.9,746.9,771.5,62,1,15
21.01.2017,12.7,8.6,748.8,773.6,83,2,12
22.01.2017,14.9,6,747.8,772.4,66,1,13
23.01.2017,10.3,9.2,744.9,769.5,73,1,7
24.01.2017,12.9,9.8,748.5,773.2,77,0,7
25.01.2017,15.2,6.2,745.4,769.9,75,1,11
26.01.2017,12.6,10.1,746.3,770.8,76,1,8
27.01.2017,13.5,10.9,736.5,760.6,74,1,9
28.01.2017,11.7,9.7,736.3,760.6,97,0,7
29.01.2017,13.3,9.1,743.8,768.4,88,2,10
30.01.2017,12,7.7,740.5,764.8,60,2,8
31.01.2017,11.2,8.4,744.1,768.7,80,2,8
01.02.2017,9.7,8.5,746,770.7,78,1,9
02.02.2017,11,8.3,743,767.5,71,3,12
03.02.2017,11.8,8.2,742.2,766.8,84,2,14
04.02.2017,14.3,6,739.1,763.5,75,1,20
05.02.2017,12.9,7.6,736.5,760.6,67,1,14
06.02.2017,11.8,9.9,735.8,760.1,92,1,17
07.02.2017,11.3,8.4,742.5,767.1,85,2,10
08.02.2017,12.4,6.8,748.1,772.8,68,0,12
09.02.2017,9.2,7.5,745.9,770.6,75,1,19
10.02.2017,10.3,7.7,748.3,773.2,89,1,17
11.02.2017,12.4,7,748.8,773.6,72,1,13
12.02.2017,16.1,5.3,746.2,770.8,64,1,10
13.02.2017,11.8,6.8,747.2,771.8,72,1,12
14.02.2017,12.3,9.5,748,772.7,83,1,14
15.02.2017,14.9,8.3,741.6,766.1,81,1,9
16.02.2017,17.7,7.9,739,763.2,76,1,17
17.02.2017,18.6,11.5,744.2,768.4,67,1,12
18.02.2017,17.2,12.1,740.5,764.5,71,1,15
19.02.2017,20.3,12.2,730.2,753.8,77,2,12
20.02.2017,17.1,14,730.6,754.2,79,1,10
21.02.2017,15.2,6.9,740.2,764.9,88,2,10
22.02.2017,7.4,6.1,745.9,770.8,88,2,11
23.02.2017,6.5,6,747.6,772.6,95,2,11
24.02.2017,7.9,6.2,747.5,772.4,91,1,10
25.02.2017,11.4,7.3,745.4,770.2,88,1,19
26.02.2017,14.3,4.9,746.1,770.6,69,1,18
27.02.2017,14.3,9.3,744,768.4,75,1,29
28.02.2017,17.8,8.2,744,768.3,66,2,14
01.03.2017,20,9.5,744.1,768.3,57,1,26
02.03.2017,14.3,11.3,737.9,762,55,1,16
03.03.2017,14,11.4,735.9,760.1,70,2,18
04.03.2017,16.9,11.1,736.8,760.8,72,2,12
05.03.2017,12.5,10.9,741.7,766,87,1,15
06.03.2017,11.2,10.1,741.3,765.7,95,2,20
07.03.2017,10.4,9.9,743.2,767.7,97,2,12
08.03.2017,15.7,10.2,740.2,764.4,80,1,11
09.03.2017,12.5,9.8,735.5,759.6,75,2,21
10.03.2017,14.9,11.2,737.7,761.8,79,1,20
11.03.2017,17.6,12.1,736.8,760.6,71,1,20
12.03.2017,14.7,12.6,733.6,757.6,97,1,26
13.03.2017,12.5,10,742.4,766.9,96,1,25
14.03.2017,10.2,9.6,740.2,764.6,92,1,26
15.03.2017,11.9,8.9,741.7,766.1,85,1,31
16.03.2017,15.5,9.5,738.3,762.4,76,1,28
17.03.2017,16,11.8,740.9,765,75,2,26
18.03.2017,18.6,11.9,738.2,762,65,1,24
19.03.2017,19.7,13.8,739.1,763,65,2,25
20.03.2017,20.1,14.1,738.9,762.8,75,2,36
21.03.2017,16.3,13.6,736.7,760.7,74,2,25
22.03.2017,18.5,11.9,735.1,759,78,2,27
23.03.2017,18.6,13.9,738,761.8,69,1,26
24.03.2017,13.9,10.5,745.2,769.7,95,2,26
25.03.2017,14.3,10.1,746.6,771.1,80,2,22
26.03.2017,20.9,9.3,744.3,768.4,60,1,37
27.03.2017,20.5,13,738.2,762.1,78,2,30
28.03.2017,23.3,13.5,738.5,762.1,68,1,35
29.03.2017,18.9,16.3,737.3,761,79,2,43
30.03.2017,19.2,15,743.5,767.5,86,1,42
31.03.2017,24.3,14.6,743,766.9,63,1,29
01.04.2017,26.3,14.6,738.8,762.4,49,2,30
02.04.2017,25,17.7,735.7,759.2,47,2,21
03.04.2017,19.5,17,735.8,759.4,73,1,25
04.04.2017,19.1,14.6,735.1,758.8,88,2,29
05.04.2017,18.7,15.5,734.3,758,86,1,25
06.04.2017,25.5,14.8,730.3,753.6,71,2,43
07.04.2017,27.9,18,728.7,751.6,66,3,34
08.04.2017,24.1,20.3,730.4,753.6,84,2,23
09.04.2017,20.8,18.1,730.4,753.8,96,3,25
10.04.2017,17.9,15,735.5,759.2,84,1,24
11.04.2017,21.1,15.5,740.8,764.6,69,2,35
12.04.2017,23.7,14.3,740.8,764.6,68,1,35
13.04.2017,26.9,14.9,735.3,758.6,49,2,33
14.04.2017,30.4,18.5,730,753,58,2,23
15.04.2017,29.7,21.2,730.8,753.7,67,2,41
16.04.2017,22.6,16.2,740.4,764.3,86,3,37
17.04.2017,22.9,16.3,735.3,758.8,73,1,38
18.04.2017,28.3,16.4,730.1,753.2,49,2,45
19.04.2017,31.7,18,731.1,754,55,1,35
20.04.2017,23.3,16,739.1,763,92,2,37
21.04.2017,20.3,14.5,741.2,765.1,72,1,21
22.04.2017,26,14.8,736.6,760,50,2,37
23.04.2017,28.8,19,733.5,756.6,50,1,34
24.04.2017,21.7,19.3,733.3,756.7,82,1,35
25.04.2017,20.8,17.6,737.1,760.7,93,1,38
26.04.2017,18.5,16.5,740.3,764.2,97,1,29
27.04.2017,16.8,15,742.3,766.3,90,2,37
28.04.2017,23,15.3,738.7,762.3,76,1,30
29.04.2017,27.3,16.6,733.6,756.9,66,1,29
30.04.2017,26.5,17.9,733.4,756.7,73,2,26
01.05.2017,30.1,19.1,730.7,753.7,64,1,38
02.05.2017,28,21.5,728.5,751.3,72,2,49
03.05.2017,24.1,17.5,739.6,763.3,82,2,38
04.05.2017,27.9,16.2,736.7,760,60,1,20
05.05.2017,20.9,17.8,741.6,765.4,94,3,30
06.05.2017,15.5,14.1,742.2,766.3,87,1,15
07.05.2017,18.9,14.4,739.5,763.3,82,1,28
08.05.2017,24.7,15.1,736.2,759.7,74,1,36
09.05.2017,28.5,15.7,735,758.1,62,1,35
10.05.2017,23.9,19.4,734.9,758.1,86,1,36
11.05.2017,21.9,18.3,739.3,762.9,92,0,26
12.05.2017,27.1,18.3,735.2,758.5,84,1,43
13.05.2017,34.5,18,730.9,753.7,44,2,32
14.05.2017,23.4,20.8,736.6,760,85,1,45
15.05.2017,26.9,19.2,738.1,761.5,69,2,41
16.05.2017,28.7,19,735.5,758.7,55,1,41
17.05.2017,33.1,18.5,732,754.8,41,2,59
18.05.2017,29.6,23.6,733.7,756.7,59,3,44
19.05.2017,31.5,21.7,730.4,753.1,65,2,44
20.05.2017,30.2,23.7,729.9,752.8,85,2,42
21.05.2017,23.4,22.1,731.3,754.3,89,1,47
22.05.2017,23.2,21.4,733.5,756.7,94,1,46
23.05.2017,26.1,20.8,736.9,760.2,71,2,52
24.05.2017,20.9,18.4,739.9,763.6,87,1,54
25.05.2017,26.6,17.6,738.3,761.6,61,1,45
26.05.2017,30.5,19.2,735.7,758.8,58,1,46
27.05.2017,32.2,21.2,734.3,757.3,60,2,46
28.05.2017,34.6,21.6,730.8,753.4,51,2,45
29.05.2017,30.1,23.2,731.5,754.4,65,0,41
30.05.2017,27.8,22.5,732.3,755.3,75,1,35
31.05.2017,26.6,22.9,728.3,751.2,81,3,70
01.06.2017,25.5,22.2,730.8,753.8,78,1,42
02.06.2017,31.4,21.2,727.8,750.4,59,1,29
03.06.2017,26.5,24.9,729.2,752,76,0,45
04.06.2017,23.2,21.5,729.9,753,95,0,21
05.06.2017,30.8,21.5,732.3,755.2,72,1,43
06.06.2017,30.9,22.2,733.8,756.7,67,1,52
07.06.2017,34.6,22.4,730,752.6,53,2,41
08.06.2017,32.5,26,729,751.6,65,2,43
09.06.2017,29.5,24.4,729.3,752.2,87,2,63
10.06.2017,30.6,23.8,731.7,754.4,65,1,45
11.06.2017,28.9,24.1,732.2,755.1,73,2,47
12.06.2017,24.3,23.3,733,756.1,92,1,64
13.06.2017,23.4,22.5,733.9,757,93,1,50
14.06.2017,22.7,19.5,734.5,757.9,92,1,51
15.06.2017,19.7,18.7,734.9,758.3,95,1,37
16.06.2017,24.3,19.6,732.9,756.1,88,1,55
17.06.2017,30.1,20.9,731,753.8,75,1,57
18.06.2017,24.9,22.8,731.6,754.7,91,2,38
19.06.2017,26.3,22.1,731.3,754.3,83,1,62
20.06.2017,31.7,22.5,728.7,751.4,76,1,61
21.06.2017,34.9,23.1,727.9,750.4,66,2,57
22.06.2017,30.8,25.1,729.3,751.9,75,1,55
23.06.2017,29.7,25.7,728.4,751,82,1,63
24.06.2017,26.9,23.8,731.4,754.3,78,0,58
25.06.2017,24.2,21.5,734.1,757.3,81,1,48
26.06.2017,25.2,21.2,734.9,758.1,85,1,45
27.06.2017,29.3,20.5,733.4,756.4,78,1,73
28.06.2017,32.9,21.9,731.6,754.3,73,1,83
29.06.2017,30.8,24.4,730.5,753.3,65,1,71
30.06.2017,31.4,23.5,729,751.7,73,1,68
01.07.2017,33.7,24,727.5,750,67,1,57
02.07.2017,36.2,25.5,728.3,750.7,59,1,60
03.07.2017,35.7,26.5,729.4,752.1,86,1,63
04.07.2017,36.7,25.4,728.5,750.9,64,1,79
05.07.2017,33,27.5,727.8,750.1,60,1,55
06.07.2017,29,25.1,729.5,752.2,82,1,33
07.07.2017,26.3,24.6,730.6,753.4,86,2,39
08.07.2017,29.6,24.2,731.4,754.3,90,1,54
09.07.2017,31.5,23.4,730,752.7,71,1,47
10.07.2017,35.9,23.4,729.5,752,65,2,57
11.07.2017,38,26.2,730.7,753.1,56,1,44
12.07.2017,36,28.9,729.7,752,49,2,47
13.07.2017,35.2,28.5,727.3,749.5,51,1,47
14.07.2017,29.9,24.1,729.9,752.5,81,1,42
15.07.2017,34.2,26,730.4,752.9,71,1,48
16.07.2017,35.3,27.1,731.4,754,68,1,46
17.07.2017,36.4,26.5,731,753.4,70,2,55
18.07.2017,37,28.2,729.4,751.7,65,2,45
19.07.2017,32.6,24.9,728.7,751.2,76,1,21
20.07.2017,35.1,27.3,730.2,752.6,59,2,31
21.07.2017,37.6,27.8,730.9,753.1,50,3,33
22.07.2017,38.2,30.5,731.4,753.6,42,1,34
23.07.2017,39.3,29.4,729.7,751.9,47,1,25
24.07.2017,38.9,30.5,728.3,750.4,48,2,28
25.07.2017,39,27.1,728.2,750.3,54,1,22
26.07.2017,40.2,31.8,726.4,748.3,36,4,24
27.07.2017,41.4,31.3,727.7,749.7,44,2,10
28.07.2017,41.3,32.1,729,751,46,2,16
29.07.2017,39.2,30.5,728.9,751.3,66,2,23
30.07.2017,37,28.8,726.7,748.8,55,1,12
31.07.2017,39.3,29.7,725.8,747.9,55,2,13
01.08.2017,39.1,30.4,726.9,749,52,2,12
02.08.2017,37.4,30.1,725.8,748.1,63,1,18
03.08.2017,39.5,28.8,726,748.3,63,2,14
04.08.2017,38.5,29.3,728.5,750.9,70,3,15
05.08.2017,38.4,27.9,729.6,752.2,81,2,17
06.08.2017,39.9,27.9,726.5,748.6,53,2,10
07.08.2017,39.2,30.8,725.6,747.9,69,5,17
08.08.2017,29.3,23.5,730.7,753.6,82,1,18
09.08.2017,33.3,23.4,729.7,752.2,65,0,13
10.08.2017,34,26.5,728.6,751,66,2,10
11.08.2017,29.5,21.9,730.5,753.5,87,2,7
12.08.2017,28.4,22.3,730.6,753.5,85,1,10
13.08.2017,33.4,24.2,730.5,753.1,69,2,7
14.08.2017,35,25.9,729.8,752.3,66,2,5
15.08.2017,35.3,27.1,729.5,751.8,58,1,16
16.08.2017,35.3,28.9,729,751.4,66,2,5
17.08.2017,36.5,28,728.2,750.4,47,1,10
18.08.2017,36.3,29.4,729.1,751.4,49,1,13
19.08.2017,38,29,728.3,750.5,54,2,10
20.08.2017,39.2,29.9,727.1,749.2,47,0,13
21.08.2017,38.8,30.7,726,748,47,1,9
22.08.2017,40,31.5,727.2,749.2,49,2,11
23.08.2017,38.1,30.7,730.1,752.5,72,2,12
24.08.2017,31.9,26.5,731.8,754.4,75,1,8
25.08.2017,31.3,25.1,733.2,756.1,91,2,9
26.08.2017,36.8,26.1,730.2,752.5,51,2,14
27.08.2017,37.4,27.9,730.7,753,50,1,13
28.08.2017,35.7,28.3,731.7,754,51,2,9
29.08.2017,34.8,26.5,733.2,756,93,2,11
30.08.2017,33.8,26.6,733.8,756.6,78,3,12
31.08.2017,25.1,23.6,733.5,756.5,85,2,12
01.09.2017,24.9,22.2,731.7,754.8,93,1,12
02.09.2017,23.6,21.5,732.7,755.8,83,1,11
03.09.2017,27.1,22.4,733.4,756.4,81,1,8
04.09.2017,23.9,22.5,733,756.1,94,2,8
05.09.2017,23.9,22,735.7,758.9,84,1,9
06.09.2017,26.2,22.2,736.1,759.3,80,1,15
07.09.2017,30.7,21,732.6,755.5,72,2,9
08.09.2017,30.4,23.7,730.7,753.4,74,2,13
09.09.2017,25.3,23.4,731.9,754.9,94,1,10
10.09.2017,29,22.7,736.3,759.5,78,2,14
11.09.2017,30.2,21.2,736.5,759.7,76,1,10
12.09.2017,31.8,21.3,735.9,758.9,68,2,15
13.09.2017,32.7,22.9,736.2,759.1,57,1,13
14.09.2017,31.1,24.3,735.6,758.5,65,2,13
15.09.2017,31.9,25,735.7,758.5,66,2,23
16.09.2017,33,25.1,734.6,757.4,63,2,14
17.09.2017,30.9,26.3,733.1,755.9,75,2,16
18.09.2017,27,24.1,732.4,755.3,82,2,18
19.09.2017,24.2,21.4,735.8,759.1,89,1,19
20.09.2017,24.3,20.3,736.4,759.7,87,1,14
21.09.2017,25.3,21.6,735.6,758.8,81,0,15
22.09.2017,26,21.5,735,758.1,79,1,29
23.09.2017,23.7,21.5,733.6,756.7,82,1,19
24.09.2017,24.5,21.8,731.6,754.6,83,1,25
25.09.2017,26.7,23.1,731.4,754.3,81,1,26
26.09.2017,31,24.2,732.7,755.5,79,2,33
27.09.2017,25.2,20.8,737.8,761.2,75,2,25
28.09.2017,22.1,20.5,736.3,759.7,86,1,23
29.09.2017,20.9,19.7,737.5,761,93,2,25
30.09.2017,23.1,19.4,733.5,756.7,87,1,31
01.10.2017,24.4,21.1,735.2,758.4,88,1,47
02.10.2017,25.4,21.7,735.9,759.1,88,2,45
03.10.2017,22.2,18.1,738.4,762.1,93,2,31
04.10.2017,18,17,741,764.8,83,1,36
05.10.2017,19.7,16.5,738.5,762.1,88,1,39
06.10.2017,20.5,18.7,736.3,759.7,86,1,30
07.10.2017,23.2,19.8,736,759.3,86,1,36
08.10.2017,27.3,20.6,735.4,758.6,82,1,43
09.10.2017,30,22.3,735.4,758.5,82,2,43
10.10.2017,22.4,15.1,743.2,767.3,88,3,28
11.10.2017,16.9,13.9,741.2,765.1,94,2,32
12.10.2017,17.4,15.7,741.2,765.1,89,1,41
13.10.2017,17.5,16.1,739.6,763.4,95,1,34
14.10.2017,18.3,16.1,740.6,764.4,93,1,45
15.10.2017,19.7,16.9,742.7,766.5,87,1,38
16.10.2017,21.6,17.3,742.8,766.6,87,3,49
17.10.2017,17.1,15.8,742.6,766.5,90,2,48
18.10.2017,19,16.1,742.3,766.1,88,2,35
19.10.2017,21.3,16.7,739.7,763.4,84,2,29
20.10.2017,21.2,17.6,740.5,764.1,82,1,51
21.10.2017,19.1,17.7,740.7,764.5,94,1,31
22.10.2017,17.5,14.8,742.4,766.5,92,1,36
23.10.2017,16,14.9,742.8,766.8,92,1,43
24.10.2017,20.7,15.4,739.2,762.9,73,2,40
25.10.2017,17.9,15.8,744,768,87,0,41
26.10.2017,18.6,15.8,742,766,94,1,54
27.10.2017,20,15.4,740.1,764,86,2,45
28.10.2017,22.2,13.9,744.2,768.1,83,1,54
29.10.2017,21,17.5,746.3,770.2,82,1,50
30.10.2017,22.2,16.5,743.6,767.6,77,2,50
31.10.2017,23.1,14.1,741.4,765.2,75,2,62
01.11.2017,20.1,17.1,741.8,765.7,82,1,53
02.11.2017,21.9,15,743.6,767.5,82,1,50
03.11.2017,22.5,14.4,747.1,771.1,86,2,52
04.11.2017,20.5,15.2,744.6,768.5,86,1,42
05.11.2017,22.8,14.6,740.7,764.6,74,1,61
06.11.2017,22.1,14.1,741.3,765.1,78,1,65
07.11.2017,23,16.2,742.5,766.3,84,1,50
08.11.2017,24,14.9,737.1,760.7,74,1,64
09.11.2017,24.7,16.2,737.2,760.6,63,2,60
10.11.2017,19.6,16,741.3,765.2,72,2,53
11.11.2017,16.4,14.5,739.9,763.8,76,2,40
12.11.2017,16.3,15.2,739.1,763,82,1,42
13.11.2017,19.2,14.9,739.4,763.4,85,1,62
14.11.2017,19.7,14.3,741.1,764.9,79,1,56
15.11.2017,19,16.1,736.7,760.3,72,2,61
16.11.2017,19.1,16.9,735.1,758.7,77,1,61
17.11.2017,20.3,16.7,740.5,764.2,80,2,61
18.11.2017,17.3,14.4,741.4,765.5,90,1,38
19.11.2017,14.7,12.2,745.8,770.2,76,1,55
20.11.2017,10.9,10.4,745.1,769.6,87,1,60
21.11.2017,11,9.5,746,770.5,78,1,61
22.11.2017,11.7,10,747.7,772.3,82,0,66
23.11.2017,10.3,9.4,749.3,774,83,2,64
24.11.2017,13.6,9.5,746.1,770.8,89,2,59
25.11.2017,14.1,8.1,747.6,772.3,87,2,60
26.11.2017,15.6,7.6,741.2,765.5,79,2,47
27.11.2017,13.5,11.4,740.3,764.5,74,1,50
28.11.2017,14,12.3,743.3,767.6,85,2,43
29.11.2017,13.6,11.9,745.6,769.9,80,1,42
30.11.2017,14.1,11.2,745.9,770.3,85,1,41
01.12.2017,13,11.6,745.8,770.2,80,2,39
02.12.2017,13.3,10.2,742.5,766.8,77,2,26
03.12.2017,14.3,11.4,746.4,770.9,89,1,43
04.12.2017,13,10,746.1,770.5,81,1,40
05.12.2017,13,10.8,738.2,762.4,85,2,33
06.12.2017,12.8,12,740.9,765.2,82,2,36
07.12.2017,12.1,11.2,748.5,773.1,91,2,38
08.12.2017,11.1,9.4,747,771.7,86,2,25
09.12.2017,14.4,7.3,740.5,764.8,70,2,32
10.12.2017,12.8,10.4,743.6,768,78,1,37
11.12.2017,12.2,9.6,740.8,765.1,81,1,28
12.12.2017,12.4,11.1,739.7,764,73,1,30
13.12.2017,10.2,9.1,742.7,767.2,78,2,41
14.12.2017,10.9,9.5,743.5,768,69,1,26
15.12.2017,11.1,8.7,749.6,774.3,74,1,35
16.12.2017,13.2,9.1,751.2,776.1,89,2,39
17.12.2017,9.5,8,751.3,776.2,89,0,26
18.12.2017,11.7,7.9,753.2,778.2,84,1,33
19.12.2017,12.5,5,754.5,779.6,85,1,36
20.12.2017,11.7,6.4,750.3,775.3,81,1,29
21.12.2017,10.5,5.7,744.5,769.3,82,1,19
22.12.2017,9,5.2,742.9,767.8,89,2,32
23.12.2017,11.5,5.5,746.4,771.2,88,1,31
24.12.2017,12.3,5.4,743.7,768.4,87,2,28
25.12.2017,8.8,6.2,743.7,768.4,81,2,25
26.12.2017,11.2,7.9,745.2,769.9,85,1,25
27.12.2017,10.9,7.6,740.2,764.8,92,1,26
28.12.2017,10.5,7.1,743.2,767.8,84,2,26
29.12.2017,9,8.3,749,773.9,92,1,32
30.12.2017,12.4,8,749.2,774,81,1,21
31.12.2017,11.9,6.2,741.2,765.7,77,2,22
01.01.2018,10.8,8.7,740,764.4,79,1,24
02.01.2018,9.7,9.3,742,766.5,83,1,17
03.01.2018,9.2,8.2,741,765.6,96,1,14
04.01.2018,7.9,7,742,766.7,90,0,20
05.01.2018,7.8,6.5,736.3,760.9,95,1,20
06.01.2018,8.8,6.6,738.8,763.4,94,2,15
07.01.2018,7,5.6,743.2,768.1,82,2,17
08.01.2018,8.1,5.1,749.8,775,71,1,16
09.01.2018,10.6,2.2,750.5,775.7,71,1,21
10.01.2018,11.6,2.6,749.4,774.5,65,1,26
11.01.2018,12.2,4.1,749.3,774.4,68,2,15
12.01.2018,10.5,3.6,744.2,768.8,59,1,14
13.01.2018,9.2,7.2,745.1,769.9,74,1,17
14.01.2018,13.3,3.8,740.2,764.8,74,1,14
15.01.2018,9.3,5.2,740.9,765.5,81,2,9
16.01.2018,11.3,6.9,738.9,763.5,87,2,16
17.01.2018,10.2,6,738.9,763.3,80,1,11
18.01.2018,9.8,8.8,743.3,767.9,93,1,13
19.01.2018,11.9,9.2,742.4,767,86,1,14
20.01.2018,10.4,9.1,741.3,765.8,83,1,9
21.01.2018,13.1,8.8,740.2,764.7,87,1,9
22.01.2018,11.3,6.7,738.7,763,83,0,9
23.01.2018,12,9.1,735.5,759.7,81,2,12
24.01.2018,11.1,8.8,732.9,757.2,93,1,15
25.01.2018,8.1,4.7,743,768,95,3,12
26.01.2018,5.5,4.2,740.8,765.7,73,2,12
27.01.2018,5.7,3.8,743.6,768.6,75,0,11
28.01.2018,5.6,4,748.5,773.6,75,2,11
29.01.2018,6.5,4,746.6,771.6,78,0,9
30.01.2018,7.9,5.1,747.3,772.3,71,1,17
31.01.2018,9.9,4.4,747.9,773,56,0,9
01.02.2018,7,4.6,748.8,773.8,64,1,11
02.02.2018,10,5.1,749.5,774.5,62,1,8
03.02.2018,11.5,5.3,748.1,772.9,43,3,6
04.02.2018,8.8,6.5,750.6,775.6,65,1,4
05.02.2018,7.9,4.8,748.8,774,79,2,5
06.02.2018,9.8,3.1,744.9,769.7,69,1,2
07.02.2018,10.5,5.4,745.3,770.1,74,1,3
08.02.2018,12.1,5.6,736.9,761.2,58,1,1
09.02.2018,10.8,8.6,740.3,764.8,71,1,4
10.02.2018,8.7,5.7,747.6,772.6,87,1,2
11.02.2018,7.4,5.9,749.9,774.9,88,1,3
12.02.2018,8.3,6.8,747.8,772.7,91,1,2
13.02.2018,11.4,6.8,739,763.4,77,1,2
14.02.2018,13.9,8.6,737.6,761.8,72,1,3
15.02.2018,14.1,9.7,739.9,764.3,84,1,4
16.02.2018,17.2,7.1,735.4,759.5,71,0,1
17.02.2018,13.4,8.2,736,760.1,77,1,1
18.02.2018,13.7,9.9,738.9,763.3,93,1,2
19.02.2018,14,9.3,739.5,763.8,80,3,4
20.02.2018,16.3,10.3,739.8,764,74,3,1
21.02.2018,11.1,9.5,742,766.5,92,1,5
22.02.2018,10.9,8.8,744.7,769.4,86,1,3
23.02.2018,15.7,7.4,740,764.2,65,1,3
24.02.2018,15.6,11,744.5,769,76,2,3
25.02.2018,19.2,8.9,740.9,765.1,74,1,5
26.02.2018,16,10.2,737.6,761.6,69,1,6
27.02.2018,16.6,12.6,736.9,761,86,1,2
28.02.2018,19.5,9.6,731.9,755.6,68,1,2
01.03.2018,23.3,14.2,734,757.6,67,1,2
02.03.2018,21.6,14.9,731.1,754.6,71,1,5
03.03.2018,24.2,14.1,725.1,748.3,69,1,5
04.03.2018,20,14.4,737.1,761,66,4,7
05.03.2018,15.3,12.5,739.5,763.7,86,2,4
06.03.2018,12.1,11.7,740.5,764.8,94,1,6
07.03.2018,14.8,10.7,746.3,770.7,82,0,9
08.03.2018,20.6,10.3,744.6,768.8,55,2,9
09.03.2018,24.2,9.8,739,762.8,45,1,6
10.03.2018,21.2,12.8,739,762.9,58,2,6
11.03.2018,19.4,13.8,739.9,763.9,76,2,6
12.03.2018,18.4,13.1,737.1,760.9,74,1,5
13.03.2018,18.6,13.7,735.9,759.7,90,1,9
14.03.2018,23.2,13.7,734.7,758.3,76,1,5
15.03.2018,25.7,13.9,733.4,756.9,71,2,5
16.03.2018,27.9,15.5,731.2,754.3,53,1,6
17.03.2018,25.3,18.9,732.2,755.6,73,3,4
18.03.2018,17.5,13.6,737.5,761.5,81,2,4
19.03.2018,17.7,12.1,739.3,763.4,86,0,5
20.03.2018,21.9,12.6,741.5,765.4,61,2,11
21.03.2018,21.7,13.8,740.3,764.2,72,1,12
22.03.2018,24.2,13,736.5,760.1,59,2,5
23.03.2018,18.3,15.5,737.7,761.5,71,1,12
24.03.2018,15.9,14.3,741.1,765.1,96,1,6
25.03.2018,19.8,14.6,742.5,766.5,90,1,10
26.03.2018,22.5,14,741,764.7,80,1,14
27.03.2018,18.8,15.9,738.4,762.2,91,1,11
28.03.2018,16.3,15.4,737,760.8,95,0,10
29.03.2018,22.2,15.3,737.1,760.8,87,1,14
30.03.2018,22.4,15,737.9,761.4,81,1,17
31.03.2018,19,17.7,739.3,763,97,0,14
01.04.2018,24,17.7,736.7,760.2,82,0,16
02.04.2018,29,15.6,733.3,756.7,67,1,25
03.04.2018,32.1,16.4,731.5,754.6,55,1,29
04.04.2018,30.6,19.3,726.8,749.5,64,0,28
05.04.2018,21.6,13.2,742.3,766.5,79,1,16
06.04.2018,18.7,12,749.8,774.1,73,1,20
07.04.2018,22.8,13.4,741.4,765.3,49,1,21
08.04.2018,25.5,14.8,735.9,759.4,59,1,18
09.04.2018,29.2,15.2,730.1,753.2,59,1,22
10.04.2018,29.4,18.3,731.7,754.6,56,1,24
11.04.2018,27.9,21.8,729,751.9,69,2,28
12.04.2018,25.5,22.3,728.5,751.4,75,2,26
13.04.2018,22,13.8,738.4,762.4,93,3,24
14.04.2018,13,12,743.6,767.9,88,1,21
15.04.2018,18.7,12.5,741.6,765.6,65,1,23
16.04.2018,23.7,12.6,737.6,761.3,62,3,29
17.04.2018,29.4,14.6,735.2,758.5,60,1,40
18.04.2018,31.8,17.7,730.7,753.6,57,1,39
19.04.2018,31.1,19.9,728,750.7,49,2,34
20.04.2018,27.4,21.7,730.9,754,76,2,23
21.04.2018,27.8,19.8,729.8,752.8,75,2,36
22.04.2018,25.9,20.4,731.7,754.8,81,1,37
23.04.2018,23.2,20.6,735.5,758.8,90,1,45
24.04.2018,20.6,18.6,737.4,761,86,2,29
25.04.2018,19,17.3,737.9,761.6,88,2,23
26.04.2018,26.7,17.2,739.2,762.7,72,1,38
27.04.2018,27.2,18.2,738.2,761.5,66,1,37
28.04.2018,28.8,20,734.3,757.4,65,2,57
29.04.2018,30.3,21.6,732.8,755.8,65,1,50
30.04.2018,31,20.6,732,754.9,65,1,55
01.05.2018,26.7,22.5,736.3,759.5,88,1,42
02.05.2018,26.5,19.4,739.2,762.5,78,1,60
03.05.2018,24.8,20.1,737.1,760.6,84,1,73
04.05.2018,27.8,19.3,730.5,753.5,71,2,72
05.05.2018,25.4,20.5,730.3,753.4,94,2,54
06.05.2018,24.1,15.3,733.8,757.1,72,1,57
07.05.2018,27.8,19,732.2,755.3,67,2,43
08.05.2018,28.8,19.9,733.5,756.7,76,1,64
09.05.2018,22.3,18.5,739,762.7,87,1,70
10.05.2018,21.2,18.4,735.5,759,92,2,68
11.05.2018,22.6,18.1,736.2,759.6,86,1,45
12.05.2018,29,19.2,735,758.2,75,1,56
13.05.2018,32.6,19.6,730.1,753,51,2,53
14.05.2018,33.7,21.9,723.7,746.2,53,1,66
15.05.2018,36.7,23,723,745.3,57,2,85
16.05.2018,37.4,25.2,724,746.2,58,2,76
17.05.2018,33.9,22.3,730.4,753.4,86,2,68
18.05.2018,28.9,22.2,730,752.9,80,2,69
19.05.2018,30.2,22.4,728.5,751.1,79,2,75
20.05.2018,31.6,21.9,727.3,749.8,75,3,79
21.05.2018,35.4,26.3,728.6,751.1,74,3,100
22.05.2018,27.4,16.7,740.1,763.9,79,2,63
23.05.2018,25,17.8,732.1,755.2,72,2,120
24.05.2018,21.9,19.5,727.8,750.9,82,1,93
25.05.2018,26.8,20.5,730.5,753.4,81,2,114
26.05.2018,24,17.6,739,762.7,95,2,118
27.05.2018,22.6,17.2,737.6,761,78,0,97
28.05.2018,26.7,19.3,734.4,757.5,71,0,106
29.05.2018,24.5,21.8,735.7,758.9,70,0,121
30.05.2018,23.7,20.8,737.1,760.5,89,0,111
31.05.2018,23.2,19.4,737.4,760.8,86,1,107
01.06.2018,23,20.4,737.7,761.1,85,1,91
02.06.2018,26.2,20.3,735.6,758.8,81,1,101
03.06.2018,26.7,20.5,735.2,758.3,77,1,85
04.06.2018,26,20.9,736,759.1,77,1,123
05.06.2018,32.2,21.4,733.3,756.2,61,2,82
06.06.2018,34.9,22.1,731.3,754,60,2,108
07.06.2018,35.3,23.8,730,752.6,60,2,103
08.06.2018,27.1,21.7,734.3,757.5,77,1,116
09.06.2018,30.5,20.1,731.5,754.3,58,1,83
10.06.2018,32.3,24.6,729.6,752.3,55,2,106
11.06.2018,26.7,20.8,730.5,753.7,93,1,109
12.06.2018,27.4,20.3,728.7,751.6,77,2,109
13.06.2018,28.6,22.5,729.7,752.5,77,1,123
14.06.2018,28.1,23.1,731.7,754.6,68,1,84
15.06.2018,23.8,21.6,731.4,754.4,81,1,76
16.06.2018,23.7,22.5,730.2,753.3,88,1,88
17.06.2018,27.1,21.4,727,749.8,83,2,97
18.06.2018,24.5,22.7,727.5,750.4,95,0,109
19.06.2018,29.1,23,729.2,752,90,1,119
20.06.2018,27,24.3,730.1,752.9,92,2,116
21.06.2018,24.6,23.6,730,752.9,92,3,116
22.06.2018,28.9,23,728.9,751.7,88,1,116
23.06.2018,33.5,24.3,727.9,750.4,75,1,119
24.06.2018,34.1,26.1,727.3,749.8,82,1,156
25.06.2018,35.9,25.9,727.2,749.4,51,1,163
26.06.2018,36.1,28.1,728.8,751.1,55,1,189
27.06.2018,36.5,30.2,728.5,750.7,51,3,167
28.06.2018,37.3,28.6,726.7,748.9,61,2,184
29.06.2018,35.6,29.5,724.5,746.7,70,2,196
30.06.2018,32.5,26.8,727.5,749.9,73,0,186
01.07.2018,33.6,27.1,724,746.2,71,1,201
02.07.2018,34,28.9,723.3,745.6,75,3,177
03.07.2018,28.2,25.3,723.1,745.6,84,2,168
04.07.2018,27.6,25.3,724.8,747.4,89,1,205
05.07.2018,29.1,26.2,726.6,749.2,82,0,206
06.07.2018,29.4,26.2,728.8,751.4,86,1,202
07.07.2018,28.9,25.1,729,751.6,78,1,226
08.07.2018,34.7,25.9,729.2,752,89,2,210
09.07.2018,33.1,24.9,729.3,751.9,82,2,274
10.07.2018,36.2,27.3,726.4,748.5,51,2,287
11.07.2018,36.4,29.4,728.8,751.3,76,2,293
12.07.2018,31.9,25.2,729,751.6,76,2,241
13.07.2018,36.8,26.8,727.3,749.6,69,2,261
14.07.2018,37.4,28.6,727.2,749.4,53,0,254
15.07.2018,37.3,28.6,728.6,750.7,44,3,208
16.07.2018,37.2,30.8,728.4,750.6,53,2,211
17.07.2018,36.3,29.4,727.9,750.2,67,2,210
18.07.2018,40.4,29.5,725.8,747.7,36,2,196
19.07.2018,40,30.1,726.4,748.3,38,3,177
20.07.2018,40.3,32.2,726.6,748.5,38,3,159
21.07.2018,40.8,30.7,727.2,749.2,44,1,148
22.07.2018,40.7,30.7,727.2,749.5,63,2,139
23.07.2018,39.9,29,726.6,748.6,42,1,135
24.07.2018,39.1,31.2,727.8,749.9,49,2,118
25.07.2018,37.5,29.2,728.4,750.8,73,1,105
26.07.2018,36.5,28.6,727.1,749.3,63,2,104
27.07.2018,39.5,27.5,728.6,751.2,81,0,85
28.07.2018,38.3,27.5,727.4,749.5,52,1,68
29.07.2018,39.4,31.3,728.4,750.7,59,2,64
30.07.2018,31.3,25.6,729.2,751.8,73,2,65
31.07.2018,31.5,24.4,729.1,751.6,68,1,78
01.08.2018,34.6,26.1,728.4,751,71,1,63
02.08.2018,34.7,24.7,727.5,750,74,1,55
03.08.2018,34.8,26.3,729.8,752.4,75,0,49
04.08.2018,35.2,25.5,729.6,752,63,2,67
05.08.2018,33.5,24.6,730,752.5,67,2,60
06.08.2018,34.5,25.4,730.1,752.8,82,1,65
07.08.2018,34.4,26.1,730.3,752.9,72,1,57
08.08.2018,33.9,25.1,732,754.9,87,1,79
09.08.2018,34.6,24.7,730.9,753.4,61,2,65
10.08.2018,36.2,26.8,728.9,751.3,55,1,54
11.08.2018,34.8,26.2,728.7,751.4,79,1,55
12.08.2018,34.7,25.5,727.4,749.9,68,1,75
13.08.2018,36,26.5,727.3,749.5,60,1,39
14.08.2018,35.1,29.1,728.3,750.6,67,2,71
15.08.2018,31.8,27.7,730.7,753.3,72,1,61
16.08.2018,36.4,27.3,731.3,753.8,66,3,43
17.08.2018,32,24.5,731.7,754.6,87,2,62
18.08.2018,34.4,23.7,728.9,751.3,61,2,50
19.08.2018,36.5,27.5,728.1,750.4,63,1,52
20.08.2018,37.9,28.1,727.6,749.9,56,0,61
21.08.2018,37.4,26.2,727,749.2,56,2,63
22.08.2018,31.3,25.1,731.2,754.1,91,1,44
23.08.2018,32.8,25.1,731,753.6,66,1,55
24.08.2018,34.4,25.8,729.4,751.9,62,2,55
25.08.2018,35.3,26.8,729.8,752.2,45,1,49
26.08.2018,35.5,26.8,729.7,752.1,49,1,57
27.08.2018,36,27.7,729.6,751.9,54,1,67
28.08.2018,36.8,28.8,729,751.3,55,2,46
29.08.2018,37.7,30,728.4,750.7,60,2,47
30.08.2018,37.5,29.3,729.4,751.6,49,1,36
31.08.2018,37.2,30.1,729.4,751.6,47,2,34
01.09.2018,37.2,31.3,728.8,751,49,1,23
02.09.2018,37.3,30.6,728.8,751,49,2,43
03.09.2018,35.3,31.6,730,752.3,63,3,27
04.09.2018,38.4,29.6,726.9,749,58,2,32
05.09.2018,37.9,28.1,729.3,751.9,68,3,35
06.09.2018,26,20.6,736.7,760.1,90,0,27
07.09.2018,20.4,19.3,739.2,762.8,93,1,23
08.09.2018,26.3,19.8,738.3,761.7,75,1,28
09.09.2018,25.1,20.4,738.7,762.1,83,3,23
10.09.2018,20.4,19.4,739.1,762.6,81,1,18
11.09.2018,20.5,19.1,737.4,760.9,89,1,18
12.09.2018,20.2,19.4,736.3,759.8,96,2,19
13.09.2018,23.4,19.4,736.4,759.7,78,1,20
14.09.2018,22.7,20.1,737.8,761.1,86,1,17
15.09.2018,23.3,21.4,737.3,760.6,82,0,19
16.09.2018,23.1,21.3,737.8,761.2,81,2,19
17.09.2018,22.7,20.9,735.8,759.1,94,1,24
18.09.2018,25.8,21.3,735.6,758.7,87,1,23
19.09.2018,34.2,22.8,732.8,755.6,82,2,27
20.09.2018,26.1,22.8,737,760.2,78,2,26
21.09.2018,26.6,21.4,738.8,762.1,81,2,19
22.09.2018,23.9,21.9,738.8,762.1,88,2,29
23.09.2018,29.7,22,735.9,759,77,2,37
24.09.2018,24.2,20.7,733.7,757,95,1,47
25.09.2018,20.3,19.9,734.1,757.5,94,2,57
26.09.2018,20.2,19.6,737.6,761.1,96,2,53
27.09.2018,19.3,18.3,740.7,764.4,95,1,47
28.09.2018,20.5,18,740.4,764,90,1,47
29.09.2018,24.8,18.6,738.5,761.9,82,1,51
30.09.2018,23.1,20.4,741,764.5,84,3,42
01.10.2018,21.8,18.8,742.8,766.6,82,1,52
02.10.2018,18.4,17.1,743.2,767.1,93,1,49
03.10.2018,17.4,16.2,744.1,768.1,86,1,52
04.10.2018,20.4,16.5,742.2,766,84,1,42
05.10.2018,22.4,17.8,740.6,764.2,84,1,68
06.10.2018,18.9,17.5,741,764.8,92,1,63
07.10.2018,18.4,17.2,739.9,763.6,94,1,57
08.10.2018,18.8,17.6,740,763.8,86,2,81
09.10.2018,18.8,16.2,743.9,767.8,89,1,71
10.10.2018,24.2,15.4,741.9,765.7,79,1,70
11.10.2018,22.1,16.1,742.6,766.3,77,0,79
12.10.2018,20.9,18.2,740.5,764.2,82,1,67
13.10.2018,16.5,15,739.9,763.9,84,3,53
14.10.2018,17.1,14.6,741.1,765,85,2,74
15.10.2018,20.1,15.3,740.3,764.2,90,2,85
16.10.2018,17.9,15.7,739.8,763.6,89,1,91
17.10.2018,21.8,16.7,737.2,760.8,81,0,94
18.10.2018,18.8,15.9,739.4,763.3,89,1,91
19.10.2018,16.6,14.7,741.1,765,78,2,70
20.10.2018,17.3,14.5,740.4,764.3,83,2,61
21.10.2018,17.2,15.5,742.7,766.6,89,1,101
22.10.2018,18.5,16.1,742.3,766.2,86,1,119
23.10.2018,17.4,16.2,740.8,764.7,94,1,127
24.10.2018,19,16.3,736.9,760.5,81,2,101
25.10.2018,18.3,16.5,743.2,767.1,92,1,86
26.10.2018,19.4,16.6,744.1,768,91,1,104
27.10.2018,17.5,16.3,744.8,768.7,90,1,90
28.10.2018,19.2,16.5,743,766.9,91,1,137
29.10.2018,22.2,15.8,743.4,767.2,83,1,154
30.10.2018,21.8,17.3,745.6,769.6,91,2,163
31.10.2018,21.1,15.4,743,766.9,92,1,168
01.11.2018,23.1,14.3,740.9,764.7,85,1,166
02.11.2018,24.4,14.5,738.2,762,67,1,165
03.11.2018,23.5,13.6,736.9,760.5,58,2,152
04.11.2018,19.6,17,740.4,764.2,66,2,160
05.11.2018,15.2,11.6,743.2,767.6,91,2,169
06.11.2018,11.5,10.9,745.3,769.8,88,1,165
07.11.2018,11.2,10.4,747.1,771.7,81,1,175
08.11.2018,17,9.7,740.1,764.4,82,2,160
09.11.2018,14.3,11,739.8,763.9,72,1,139
10.11.2018,14.7,11.6,743,767.2,84,1,125
11.11.2018,16,12.6,742.5,766.8,88,2,112
12.11.2018,18,11.9,740.1,764.2,86,2,140
13.11.2018,15.6,13.1,737.1,761,78,1,114
14.11.2018,16,14.1,740.2,764.2,82,0,122
15.11.2018,17.6,14,741,765.1,92,2,122
16.11.2018,14.4,12.6,741.7,765.9,87,2,100
17.11.2018,12.2,9.9,743.8,768.3,89,4,113
18.11.2018,9.9,8.5,745.5,770.1,81,1,80
19.11.2018,11.6,9.5,743.9,768.4,77,1,117
20.11.2018,12.4,10.6,743.4,767.8,81,1,147
21.11.2018,12.2,10.6,748.3,772.9,92,2,117
22.11.2018,13,10.4,746.7,771.2,87,1,128
23.11.2018,16,9.5,741.3,765.5,76,2,109
24.11.2018,13,11.5,746.1,770.6,87,1,100
25.11.2018,16.6,10.2,742.4,766.7,81,1,124
26.11.2018,16.2,9.6,743.5,767.8,78,3,126
27.11.2018,15.3,11.3,744.1,768.5,89,2,112
28.11.2018,14.8,10.5,743.6,767.8,80,1,121
29.11.2018,13.7,12.7,742.1,766.3,88,1,111
30.11.2018,14.3,12.1,743.6,767.8,91,1,96
01.12.2018,16.6,12.7,736.7,760.6,79,1,87
02.12.2018,17.6,13.6,735.9,759.8,90,1,90
03.12.2018,17.2,13.2,740.8,764.9,78,2,110
04.12.2018,17.1,13.2,739.6,763.6,78,2,107
05.12.2018,14.2,12.6,740.1,764.3,80,2,95
06.12.2018,11.8,9.3,743.7,768.3,96,1,80
07.12.2018,8.4,7.2,747.2,772.1,79,2,70
08.12.2018,7.5,5.9,746.9,771.8,67,2,62
09.12.2018,9.3,6.9,744.6,769.3,64,2,88
10.12.2018,9.7,7.1,748.3,773.1,72,2,90
11.12.2018,8.2,6.8,750.4,775.4,84,1,104
12.12.2018,8.3,5.9,749.2,774.1,79,1,87
13.12.2018,10.6,7.6,748.5,773.3,75,1,106
14.12.2018,10.4,8.4,746.5,771.2,76,2,70
15.12.2018,9.3,7.3,750.5,775.5,92,1,61
16.12.2018,13.2,7.4,747.9,772.8,80,2,73
17.12.2018,12.2,4.9,745.4,770.1,86,1,72
18.12.2018,10.4,7.5,740.9,765.3,83,1,63
19.12.2018,10.1,9.3,740.9,765.4,88,1,57
20.12.2018,11.4,7.5,738.8,763.1,74,1,54
21.12.2018,10.7,9.3,740.9,765.3,90,2,55
22.12.2018,12.5,10.2,746.1,770.6,87,1,38
23.12.2018,11.8,10.2,743.3,767.8,88,2,43
24.12.2018,10.7,9.2,739.1,763.6,74,1,46
25.12.2018,9.9,8,740.6,765.1,91,1,39
26.12.2018,10.4,8.6,742.4,766.9,88,2,50
27.12.2018,10.3,9,744.1,768.6,73,2,43
28.12.2018,9.4,5.7,749.9,775,87,1,37
29.12.2018,5,4,752.4,777.7,86,1,33
30.12.2018,5.4,3.5,751.3,776.5,80,0,36
31.12.2018,6.7,4.8,752.2,777.4,71,1,28
01.01.2019,6.3,5,751.8,777,81,1,32
02.01.2019,9.1,4.8,748,772.9,70,2,43
03.01.2019,7.3,5.6,746.2,771.2,94,0,42
04.01.2019,8.7,5.5,746.4,771.3,81,2,30
05.01.2019,12.1,6.5,744.5,769.2,73,3,29
06.01.2019,9.9,8.2,744.1,768.8,72,1,24
07.01.2019,12,7.6,746.7,771.4,68,2,31
08.01.2019,9.6,7.9,744.3,769,88,1,34
09.01.2019,7.3,6.1,743.3,768.1,94,2,23
10.01.2019,8.1,6,744.1,768.9,85,1,25
11.01.2019,10.9,6.6,742.2,767,88,2,35
12.01.2019,9,6.2,744.6,769.4,86,1,18
13.01.2019,10.1,6.7,742.9,767.5,80,1,24
14.01.2019,10.3,7.4,745.5,770.2,80,2,22
15.01.2019,10.1,7.5,748,772.9,84,2,21
16.01.2019,12.6,6.3,746.1,770.8,72,2,11
17.01.2019,12.2,8.1,741.7,766.2,69,1,17
18.01.2019,10.1,8.8,741.1,765.7,84,1,17
19.01.2019,10.6,8.8,744.4,769,82,1,16
20.01.2019,9.5,8,749.5,774.4,93,1,20
21.01.2019,9.2,6.4,748.8,773.8,92,1,17
22.01.2019,11.5,5.2,743.6,768.2,68,1,13
23.01.2019,10.7,8.1,740.9,765.4,73,1,15
24.01.2019,11,8.8,741.8,766.3,72,2,13
25.01.2019,11.7,9.7,746.9,771.5,80,1,9
26.01.2019,10.1,9.4,742.8,767.3,81,1,11
27.01.2019,11.1,9.3,742.1,766.6,76,1,10
28.01.2019,13.6,9.3,742.3,766.7,73,2,6
29.01.2019,11.4,9,741,765.5,95,2,16
30.01.2019,9.5,8.7,744,768.6,89,2,13
31.01.2019,10.3,8.7,747.3,772.1,91,2,12
01.02.2019,11.6,8.3,736.9,761.2,84,2,8
02.02.2019,12.1,9.2,736.9,761.2,82,1,7
03.02.2019,16.2,9.1,743.7,768,66,1,10
04.02.2019,14.7,10.3,741.3,765.7,81,1,12
05.02.2019,17.9,7.5,731,754.9,61,2,14
06.02.2019,19.1,7.6,735.7,759.8,68,0,8
07.02.2019,19.2,11.7,736.6,760.6,68,3,13
08.02.2019,13.4,12.5,738.7,762.9,69,1,5
09.02.2019,11.8,8.3,741.3,765.8,59,3,18
10.02.2019,8,6,748.6,773.6,84,2,7
11.02.2019,11.4,6.3,743.3,767.9,71,2,13
12.02.2019,12.3,8.5,746.1,770.7,68,1,9
13.02.2019,13,9,741.2,765.6,66,1,8
14.02.2019,12.5,10.1,743.7,768.1,75,1,11
15.02.2019,14.1,9.7,742.3,766.6,64,2,13
16.02.2019,13.8,10.2,740.7,765.1,52,2,5
17.02.2019,12.6,9,738.8,763.3,61,2,6
18.02.2019,10.9,7.7,739.2,763.6,59,1,14
19.02.2019,12.6,8.2,739.9,764.2,58,2,6
20.02.2019,14.2,9.8,743.2,767.6,66,1,8
21.02.2019,14.8,10.5,743.4,767.8,73,1,10
22.02.2019,13.7,7.7,742,766.3,64,1,12
23.02.2019,13.7,10,742.5,766.9,72,2,9
24.02.2019,13.6,8.4,741.9,766.3,69,1,7
25.02.2019,16,9.7,738.2,762.3,67,2,11
26.02.2019,13.2,11.6,738.8,763,73,1,11
27.02.2019,11.7,10.4,740.4,764.8,78,1,7
28.02.2019,13.2,10.4,736.8,760.9,68,1,9
01.03.2019,15.1,10.7,736.8,760.9,77,2,5
02.03.2019,12.3,9.8,739.2,763.6,86,1,6
03.03.2019,17.9,8.5,735.2,759.2,62,2,14
04.03.2019,12.7,10.8,735.2,759.4,89,2,8
05.03.2019,14.6,10.8,740.3,764.5,80,1,11
06.03.2019,12.8,11.4,740.6,764.9,92,1,12
07.03.2019,13.2,9.5,740.6,765.1,89,1,8
08.03.2019,12.4,8.9,740,764.3,76,2,9
09.03.2019,14.2,10.1,740.3,764.7,82,1,9
10.03.2019,21,8.3,740.1,764.1,64,1,9
11.03.2019,21.3,12.3,738.5,762.4,67,2,19
12.03.2019,17.4,13.4,737.8,761.7,68,1,15
13.03.2019,15.6,13.5,744.5,768.7,81,2,19
14.03.2019,13.5,11.9,746.5,770.9,87,1,15
15.03.2019,16,11.2,743.8,768,79,1,8
16.03.2019,17.1,12.1,742.2,766.3,70,1,13
17.03.2019,17.6,12.9,741.7,765.9,77,1,11
18.03.2019,22,11.2,735.2,758.9,62,2,14
19.03.2019,23.9,15.4,727.3,750.4,54,2,24
20.03.2019,26.4,16.7,728,751,54,1,29
21.03.2019,20.4,14.3,737.3,761.2,77,3,24
22.03.2019,13.2,11.6,743.2,767.6,89,2,11
23.03.2019,11.6,10.2,744.4,768.9,93,1,17
24.03.2019,13.6,10.4,742.2,766.6,91,2,21
25.03.2019,19.5,8.5,739.4,763.3,62,1,32
26.03.2019,20.3,14.2,737.2,760.9,61,1,35
27.03.2019,20.4,16.1,737.5,761.2,71,0,30
28.03.2019,25.1,15.2,733.5,757,70,2,31
29.03.2019,29.9,14.8,733,756.2,47,2,21
30.03.2019,19.9,16.3,739,762.8,74,3,34
31.03.2019,15.6,14.4,743.9,768,78,1,21
01.04.2019,18.7,13.2,736.8,760.6,69,2,24
02.04.2019,16.5,14.6,741,765,84,1,33
03.04.2019,18.8,13.7,741.4,765.5,90,3,27
04.04.2019,18.2,13.3,741.3,765.4,88,1,34
05.04.2019,24.8,13.1,737.2,760.8,70,1,21
06.04.2019,28.3,14.8,733.5,756.9,59,1,22
07.04.2019,33.3,15.3,725.9,748.9,64,0,34
08.04.2019,33.8,18.9,722.8,745.3,52,2,48
09.04.2019,29.3,21,732.3,755.4,66,2,41
10.04.2019,24,16.5,735.2,758.9,89,2,48
11.04.2019,23.6,16.4,735.2,758.7,73,2,32
12.04.2019,25.6,17,735.2,758.5,64,1,32
13.04.2019,27.4,19.3,736.6,759.7,58,2,43
14.04.2019,19.8,16,740.9,764.8,90,1,43
15.04.2019,19.8,15.7,740.5,764.3,79,1,42
16.04.2019,25.3,16.1,735.8,759.3,74,2,50
17.04.2019,28.4,16.8,730.1,753.1,68,1,56
18.04.2019,30.7,20.9,728.5,751.2,65,1,44
19.04.2019,26.2,20.4,729.2,752.4,95,2,49
20.04.2019,21.4,18.2,734,757.5,93,2,43
21.04.2019,26.8,17.9,732,755.2,73,2,37
22.04.2019,30.2,19.5,731.7,754.7,70,2,60
23.04.2019,31.5,20.9,730.1,752.9,67,1,56
24.04.2019,32.8,21.8,731.4,754.1,60,1,70
25.04.2019,34.5,23.1,728.7,751.3,60,2,68
26.04.2019,35.5,24.9,729,751.4,40,4,62
27.04.2019,33.8,27.5,728.8,751.4,55,3,63
28.04.2019,23.7,20.3,733.8,757.1,78,2,78
29.04.2019,23.4,18,735.8,759.2,75,1,83
30.04.2019,23.6,19.2,736.1,759.5,76,1,65
01.05.2019,27.4,18.1,735,758.3,75,2,67
02.05.2019,21.7,18,736.6,760.2,83,1,62
03.05.2019,22.9,17.7,736.7,760.1,74,1,62
04.05.2019,23.4,18.1,734.6,757.9,74,1,66
05.05.2019,22.2,18.6,734.6,757.9,78,1,84
06.05.2019,20.3,18.5,733.3,756.7,74,2,97
07.05.2019,18.7,15.9,737.1,760.9,76,1,47
08.05.2019,18.6,14.3,736.9,760.6,83,1,62
09.05.2019,22.8,16.4,736.2,759.7,78,1,63
10.05.2019,27.7,17.5,734.8,758,62,1,58
11.05.2019,26.9,20.7,733.1,755.3,69,1,69
12.05.2019,22.5,19.6,734.3,757.6,87,0,71
13.05.2019,22,19.1,734.2,757.6,85,2,90
14.05.2019,23.8,18.9,732.1,755.3,84,1,79
15.05.2019,24.2,20,732.6,755.8,90,2,77
16.05.2019,28,20.3,730.7,753.7,77,1,84
17.05.2019,30.7,21.2,727.8,750.4,64,1,77
18.05.2019,25.3,21.8,730.5,753.4,83,2,86
19.05.2019,23.4,17.4,738.8,762.5,91,2,104
20.05.2019,18.5,16,738.7,762.4,85,1,101
21.05.2019,20.7,17.8,737.8,761.5,90,2,120
22.05.2019,27.4,16.9,735,758.2,77,1,121
23.05.2019,33,19.3,731,753.8,59,1,121
24.05.2019,26.7,20.6,730.3,753.4,93,1,118
25.05.2019,28.3,21.6,729.2,752.1,86,2,118
26.05.2019,30.8,22,731.2,754,81,1,110
27.05.2019,28.8,18.3,736.7,760.3,89,1,150
28.05.2019,19.1,16.4,738.7,762.4,84,1,109
29.05.2019,19.8,15.9,736.5,760,82,1,110
30.05.2019,22,17.9,736.8,760.3,86,1,105
31.05.2019,28.7,18.3,734.4,757.5,71,1,113
01.06.2019,28.9,21.8,733,756.1,74,0,112
02.06.2019,33.4,20.4,730.5,753.3,52,1,114
03.06.2019,35.2,21.6,728.3,750.9,51,2,112
04.06.2019,36.1,23.8,724.1,746.2,48,1,111
05.06.2019,32.1,23.4,730.1,753,79,1,98
06.06.2019,30.9,22.1,732,754.9,75,2,89
07.06.2019,31.6,23.3,730.1,752.7,63,3,82
08.06.2019,29.4,23.5,729.6,752.5,94,1,77
09.06.2019,24,23,730.1,753.1,94,1,73
10.06.2019,27.2,22.9,730.1,753,85,2,97
11.06.2019,24,21.7,731.3,754.5,92,1,101
12.06.2019,23,21.2,732.1,755.2,93,2,89
13.06.2019,30.6,22.2,729.8,752.6,77,1,93
14.06.2019,31.2,23.2,727.6,750.2,67,2,95
15.06.2019,25.8,20.5,730.7,753.9,96,2,66
16.06.2019,23.4,19.7,732,755.2,95,1,105
17.06.2019,22.4,21.2,732.8,756,95,1,89
18.06.2019,27.9,21.9,730.3,753.1,85,1,120
19.06.2019,28.7,24.3,726.7,749.3,81,1,110
20.06.2019,28.6,24.5,726.5,749.1,82,1,105
21.06.2019,28.8,25.1,727.2,749.8,86,2,77
22.06.2019,26,23.4,730.5,753.5,97,2,69
23.06.2019,24,22,732.5,755.6,85,0,83
24.06.2019,26.3,22.7,732.5,755.5,82,2,95
25.06.2019,25.3,22.2,732.4,755.4,84,1,102
26.06.2019,29.4,22.9,726.2,748.8,80,3,105
27.06.2019,25.9,24.6,724.4,747.1,87,2,90
28.06.2019,23.6,21.5,729.3,752.3,85,1,78
29.06.2019,26.8,21.8,730.4,753.4,84,0,75
30.06.2019,30.8,21.8,731.6,754.5,82,1,85
01.07.2019,34.2,23,731,753.6,64,2,98
02.07.2019,35.8,24.7,729.9,752.3,54,2,83
03.07.2019,30.2,26.1,731.9,754.7,79,2,68
04.07.2019,24.9,22.5,732.4,755.5,83,1,54
05.07.2019,31.3,22.2,728.4,751.1,71,1,64
06.07.2019,29.1,23.6,728.3,751,76,1,70
07.07.2019,27.3,24.9,729.5,752.2,72,1,60
08.07.2019,24.1,21.2,731.5,754.7,96,3,54
09.07.2019,28.8,21,730.1,753,77,1,56
10.07.2019,33.3,22.4,728.4,751,66,2,57
11.07.2019,29.5,24.1,729.6,752.5,77,3,66
12.07.2019,25.5,21.6,730.8,753.7,88,1,34
13.07.2019,31.9,23.4,728.9,751.6,81,1,41
14.07.2019,34.2,24,727.6,750.4,85,1,52
15.07.2019,32.9,24.1,728.4,751.3,95,2,35
16.07.2019,27.7,24.3,728.7,751.5,88,1,38
17.07.2019,29.3,24.9,728.5,751.1,82,1,39
18.07.2019,28.9,25.3,728.5,751.2,88,1,32
19.07.2019,30.8,26.1,728.9,751.5,84,1,37
20.07.2019,32.8,26.8,729.3,751.9,85,1,40
21.07.2019,35.2,26.8,726.1,748.4,70,2,38
22.07.2019,35.1,25.9,728,750.7,87,2,33
23.07.2019,30.3,25.6,729.1,751.8,83,2,31
24.07.2019,33,26.3,730.4,753.2,87,1,43
25.07.2019,33.3,25.8,728.8,751.3,75,1,35
26.07.2019,38.2,27.3,725.1,747.3,63,1,43
27.07.2019,38.6,28.9,725.8,747.9,64,2,31
28.07.2019,38.1,30.2,725.2,747.2,53,1,32
29.07.2019,35.2,27.5,730.1,752.8,78,2,48
30.07.2019,33.1,26.3,730.8,753.4,73,1,50
31.07.2019,28.7,23.7,731.5,754.3,82,2,49
01.08.2019,35.7,25.1,728.8,751.2,67,2,32
02.08.2019,35.6,27.6,728,750.3,63,3,31
03.08.2019,33.4,23.7,730.3,753.2,95,1,36
04.08.2019,32.6,25.2,729.8,752.5,86,2,36
05.08.2019,33.2,26,729,751.5,75,1,28
06.08.2019,29.7,25.2,730.5,753.4,82,3,36
07.08.2019,28.7,24.7,728.4,751.1,86,1,28
08.08.2019,31.8,25.2,729.4,751.9,76,1,35
09.08.2019,28.9,26.6,729.6,752.3,83,1,23
10.08.2019,36,26,727.9,750.4,68,1,37
11.08.2019,37.7,26.2,726.4,748.7,61,2,32
12.08.2019,38.3,26.5,726.3,748.6,63,2,31
13.08.2019,38.3,28,728.8,751.1,53,2,27
14.08.2019,32.5,27.2,729.9,752.5,70,1,36
15.08.2019,36.8,25.4,727.1,749.5,59,2,29
16.08.2019,38.6,26.7,726.8,749.1,46,2,24
17.08.2019,39.2,27.2,727,749.2,46,2,25
18.08.2019,38.3,28.7,727.3,749.4,52,1,22
19.08.2019,38.1,32.1,728.6,750.6,43,4,21
20.08.2019,38.6,29.7,729.4,751.6,50,2,18
21.08.2019,36.8,30.1,729.7,751.9,55,2,24
22.08.2019,38.1,29.9,732.1,754.3,39,2,20
23.08.2019,37.4,29.9,731.8,754.1,48,2,11
24.08.2019,38.2,29.8,730.5,752.8,49,2,13
25.08.2019,39.1,29.6,729.4,751.6,50,1,7
26.08.2019,39.2,30,728.6,750.7,49,2,15
27.08.2019,34.9,29.7,733.2,755.8,58,2,13
28.08.2019,31.9,27.3,734.7,757.5,77,4,19
29.08.2019,27.3,23,735.3,758.2,63,2,12
30.08.2019,30.8,24.5,735.5,758.4,55,1,10
31.08.2019,25.5,21.8,737,760.3,83,1,12
01.09.2019,26,22.3,737.2,760.3,77,1,10
02.09.2019,31.1,22.7,736,758.8,60,1,10
03.09.2019,33.5,25.4,732.8,755.5,58,1,15
04.09.2019,33.5,25.4,732.1,754.9,68,2,9
05.09.2019,28.8,22.3,731.5,754.3,76,1,4
06.09.2019,31.3,23.8,729.8,752.5,78,2,13
07.09.2019,32.7,25.7,729.2,751.9,80,2,14
08.09.2019,26.6,24.7,729.1,751.9,95,1,15
09.09.2019,29,24.2,729.4,752.2,90,1,13
10.09.2019,33.7,25.1,732.8,755.5,80,1,14
11.09.2019,35.2,26.1,732.6,755.2,68,2,23
12.09.2019,36.8,28.4,730.4,752.7,50,1,19
13.09.2019,35.4,23.2,735.1,758.2,60,3,18
14.09.2019,22.7,20.8,737.2,760.6,76,1,21
15.09.2019,21.2,19.7,738,761.5,86,1,27
16.09.2019,24.8,19.4,735.7,759,77,2,31
17.09.2019,21.7,20.5,740.1,763.6,89,1,26
18.09.2019,23.8,20.1,740.2,763.6,83,1,23
19.09.2019,21.8,19.4,740.3,763.9,96,1,15
20.09.2019,25,19.4,741.4,765,89,1,20
21.09.2019,27.8,18.8,741.2,764.7,75,2,26
22.09.2019,28.8,19,741.1,764.5,73,1,14
23.09.2019,26.9,19.9,742.3,765.7,66,2,29
24.09.2019,24.3,20.1,745.2,768.9,86,1,28
25.09.2019,23.3,19.1,743.4,767.1,84,2,32
26.09.2019,27.2,18.6,742.3,765.7,72,1,19
27.09.2019,29.7,19.9,740.3,763.6,68,1,24
28.09.2019,31.6,21,737.9,761,68,2,27
29.09.2019,32.8,21.6,735.1,758,55,1,25
30.09.2019,30,23.3,732.9,755.8,61,2,23
01.10.2019,30.6,23.6,734.3,757.3,59,2,23
02.10.2019,29.2,3.9,732.9,755.8,68,2,23
03.10.2019,29.5,24,733.8,756.8,78,2,23
04.10.2019,24.3,21.7,737.1,760.4,97,1,14
05.10.2019,22.8,20,737.5,760.9,89,2,19
06.10.2019,25.2,5.7,738.2,761.6,94,2,23
07.10.2019,20.8,19.2,741,764.7,89,2,27
08.10.2019,21.6,18.5,738.3,761.8,82,2,29
09.10.2019,21,18.5,735.8,759.4,94,2,24
10.10.2019,21,6.1,738.1,761.6,80,1,20
11.10.2019,22.5,18.4,738.8,762.4,79,1,20
12.10.2019,22.1,18.3,740.5,764.1,87,1,29
13.10.2019,22.8,19.1,742.9,766.6,91,1,36
14.10.2019,19.2,18.4,745.1,769,97,1,20
15.10.2019,18.8,16.7,741.8,765.7,94,2,32
16.10.2019,19.5,16.2,744,767.9,93,1,40
17.10.2019,22.8,16.8,743.8,767.8,91,2,36
18.10.2019,24,15.3,741.2,764.9,73,1,38
19.10.2019,25.6,15.6,739.6,763,67,2,23
20.10.2019,20.7,18.2,740.3,764,90,1,26
21.10.2019,18.2,17.2,735.3,758.9,96,1,31
22.10.2019,18.9,17,737.2,760.9,96,0,39
23.10.2019,18.9,16.6,738.7,762.4,92,1,46
24.10.2019,20.4,8.8,741,764.8,91,2,31
25.10.2019,16,13.7,743.9,768.1,90,1,27
26.10.2019,14.7,13.4,743.2,767.4,93,1,29
27.10.2019,16.6,8.1,743.4,767.5,89,1,44
28.10.2019,19.1,14.3,743.4,767.5,91,1,57
29.10.2019,21.3,12.7,741.6,765.4,70,1,44
30.10.2019,23.7,16.3,741.4,765.2,85,2,61
31.10.2019,22.2,16.6,739.4,763,80,2,41
01.11.2019,21.8,17.1,741.6,765.3,81,1,38
02.11.2019,17.8,15.4,742.3,766.3,95,1,40
03.11.2019,18.5,15.4,743.2,767.3,88,1,50
04.11.2019,20.4,14,741.3,765.1,79,2,63
05.11.2019,16.5,14.9,738.1,761.9,85,1,62
06.11.2019,15.5,13.9,741.4,765.5,93,0,54
07.11.2019,19.1,13.3,742.6,766.6,83,2,59
08.11.2019,18,15.3,742,765.9,84,1,64
09.11.2019,17.9,16,743.8,767.7,83,1,59
10.11.2019,20.6,16.1,738.8,762.6,84,2,71
11.11.2019,18,16.2,735.3,759,79,2,59
12.11.2019,16.1,14.9,741.8,765.8,95,1,62
13.11.2019,16.8,14.7,749.7,774,73,1,74
14.11.2019,19.7,13.7,739.6,763.6,73,2,51
15.11.2019,19.8,12.9,737.8,761.5,70,1,67
16.11.2019,17.7,15.9,736.2,760,78,4,46
17.11.2019,16.9,12.2,744.9,769.3,85,4,66
18.11.2019,11.4,10.2,747,771.6,80,1,84
19.11.2019,11.9,10.4,744.8,769.2,81,2,77
20.11.2019,12.2,11.2,745.3,769.7,82,1,58
21.11.2019,15.1,11.5,742.1,766.3,75,1,77
22.11.2019,13.9,12.9,738.5,762.6,78,2,58
23.11.2019,14.1,12.2,739.6,763.7,85,3,52
24.11.2019,12.9,9.1,749.2,774,91,2,59
25.11.2019,11.8,8.5,744.5,769,79,1,61
26.11.2019,10.7,9.9,745.1,769.7,91,1,58
27.11.2019,12.1,10.3,748.6,773.2,88,1,72
28.11.2019,12.5,11,744.2,768.6,65,1,69
29.11.2019,11.4,10.4,743.2,767.7,69,1,45
30.11.2019,10.8,9.1,745.8,770.5,93,2,61
01.12.2019,11.7,8.4,750.5,775.4,77,1,64
02.12.2019,12.6,7.7,748.3,773,74,1,62
03.12.2019,11.7,9.3,749.3,773.2,78,1,53
04.12.2019,12.5,10.1,752.8,776.6,84,1,75
05.12.2019,13.7,9,752.8,776.7,84,1,49
06.12.2019,14.7,7.1,749.5,773.4,86,2,43
07.12.2019,15.1,6.9,748.6,772.3,84,1,52
08.12.2019,13.9,8.9,748.1,771.8,86,1,46
09.12.2019,15.3,9.2,743.3,766.8,77,1,50
10.12.2019,15.5,8.7,743.3,766.8,89,1,58
11.12.2019,13.4,10.1,742.6,766.1,85,1,44
12.12.2019,15.3,10.4,743,766.4,86,0,49
13.12.2019,13.6,9.7,743.2,766.6,85,2,41
14.12.2019,12.7,11.7,738,761.2,86,1,32
15.12.2019,13.9,11.2,736.6,759.8,83,2,44
16.12.2019,15.3,11.9,740.2,763.4,88,1,53
17.12.2019,13.4,11.2,743.2,766.6,92,3,53
18.12.2019,11.3,8.4,747.7,771.5,88,1,44
19.12.2019,11,8.4,746.4,770.1,78,2,58
20.12.2019,9.8,9.1,744.9,768.6,93,1,41
21.12.2019,10.3,8.7,744.2,767.9,87,0,43
22.12.2019,13.2,9.5,738.9,762.3,78,2,54
23.12.2019,13.9,9.8,743.3,766.8,78,1,42
24.12.2019,12.6,10.5,738.7,762,76,2,32
25.12.2019,12.8,10.6,744.7,768.3,81,2,39
26.12.2019,11.4,8,748.8,772.6,68,2,33
27.12.2019,8.8,6.8,745.2,769,77,2,35
28.12.2019,8.6,6.6,743.2,766.9,86,1,40
29.12.2019,13.3,8.4,742.2,765.7,72,1,37
30.12.2019,11.4,9.9,749.8,773.5,81,1,47
31.12.2019,10.9,9.7,745.1,768.7,69,2,31
01.01.2021,9.9,5.8,747.4,771.5,82,2,29
02.01.2021,7.9,6.1,746.9,770.9,69,1,20
03.01.2021,10,7.1,747.6,771.6,77,1,26
04.01.2021,8.9,6.8,747,770.9,80,0,38
05.01.2021,10.3,7.3,747.8,771.7,79,1,38
06.01.2021,9.4,8,746.2,770.1,72,2,30
07.01.2021,7.6,4.9,751.6,775.9,67,1,21
08.01.2021,5.8,4,750.1,774.4,77,1,25
09.01.2021,5.3,4.4,749.4,773.7,71,2,20
10.01.2021,4.8,4,752.7,777.1,86,1,16
11.01.2021,9,3,753.5,777.9,75,1,21
12.01.2021,11.6,1,742.8,766.8,59,2,19
13.01.2021,12.9,2.4,743.1,767,66,0,19
14.01.2021,13.7,3.2,739,762.8,73,1,25
15.01.2021,13.5,4.7,741.2,764.9,77,1,24
16.01.2021,8.1,6.8,751.3,775.5,91,3,17
17.01.2021,6.8,3.8,751.8,776.2,91,2,9
18.01.2021,6.7,3.2,741.8,766,92,2,11
19.01.2021,10.2,2.1,739.5,763.4,78,1,19
20.01.2021,10.2,7.3,742.3,766,87,1,15
21.01.2021,9.8,7.1,743.8,767.7,90,1,16
22.01.2021,14.9,7.2,740.1,763.7,83,2,11
23.01.2021,13.1,6.5,736.9,760.2,73,1,12
24.01.2021,11.3,10,739.2,762.7,93,1,13
25.01.2021,12,9.3,744.9,768.7,82,1,8
26.01.2021,10.8,9,742.3,766,89,1,13
27.01.2021,9.6,8.8,747.8,771.7,90,1,10
28.01.2021,13,8,746.4,770.2,86,2,15
29.01.2021,11.3,7.6,743.7,767.4,65,1,10
30.01.2021,14.4,9.2,743.7,767.2,70,1,11
31.01.2021,12.6,9.9,744.1,767.8,86,1,9
01.02.2021,14.9,8.2,744.6,768.3,75,2,10
02.02.2021,12,9.6,745.1,768.8,84,1,9
03.02.2021,13.6,8.5,744.6,768.2,77,1,9
04.02.2021,12.6,10.6,743.8,767.4,82,1,9
05.02.2021,14.3,10,743.4,766.9,89,1,11
06.02.2021,15.2,7.6,740.3,763.7,72,1,10
07.02.2021,17.2,10.8,744.3,767.6,75,1,7
08.02.2021,15.8,10.6,745.5,769,84,1,6
09.02.2021,17.2,9.8,742.3,765.7,76,1,3
10.02.2021,19.2,10.2,740,763.2,73,1,12
11.02.2021,19.9,10.5,740.9,764,67,1,3
12.02.2021,21.9,11.3,738.7,761.8,67,1,2
13.02.2021,16.2,12.4,742.6,766,82,1,7
14.02.2021,21.4,10.6,736.4,759.4,64,2,8
15.02.2021,16.3,12,741.6,765,88,1,11
16.02.2021,15.4,11.3,745.9,769.6,87,0,8
17.02.2021,18.5,9.6,745.9,769.3,65,2,5
18.02.2021,18.3,12.4,747,770.5,66,2,6
19.02.2021,19.3,11.4,743.9,767.2,69,1,4
20.02.2021,21.6,11.1,738.5,761.6,63,1,8
21.02.2021,23.9,11.4,737.6,760.6,69,1,5
22.02.2021,25.6,12.9,738,760.8,66,1,3
23.02.2021,23.1,16.6,733.4,756.1,67,1,6
24.02.2021,27.6,15,729.5,751.9,68,2,9
25.02.2021,20.3,12.6,737,760.1,78,3,8
26.02.2021,12,10.8,740.1,763.6,85,1,7
27.02.2021,13,11,735.4,758.7,72,2,3
28.02.2021,12.4,10.4,739.6,763,96,2,13
01.03.2021,16.1,9.4,748.1,771.7,69,1,8
02.03.2021,12.4,10.3,745.3,768.9,77,1,6
03.03.2021,14.7,10,742.6,766.2,81,1,7
04.03.2021,17.9,8.5,738.1,761.2,64,1,9
05.03.2021,18.8,13.8,740.3,763.5,64,2,6
06.03.2021,16,13,744.6,768,84,2,6
07.03.2021,14,12.3,741.9,765.3,78,1,3
08.03.2021,16.5,11.1,743.2,766.6,78,2,6
09.03.2021,16.9,13.1,742.4,765.6,73,1,5
10.03.2021,15,13.4,743.4,766.7,84,2,5
11.03.2021,19.9,12.5,743.5,766.7,72,2,8
12.03.2021,20.4,12,742.6,765.7,65,1,4
13.03.2021,25.1,14.3,737.2,760,63,2,9
14.03.2021,24.2,15.1,733.1,755.6,65,1,8
15.03.2021,25.4,16.3,734,756.7,81,1,9
16.03.2021,19.6,17.6,734.3,757,93,2,11
17.03.2021,23.4,17.5,732.1,754.6,75,2,9
18.03.2021,22.8,18.7,732.7,755.2,82,1,12
19.03.2021,20.3,16.1,737.2,760,80,4,4
20.03.2021,15.3,10.2,745,768.6,95,1,12
21.03.2021,10.3,9.5,751.1,775,90,1,11
22.03.2021,14,9.3,747.4,771.1,77,1,10
23.03.2021,19.2,11,740.9,764.2,73,2,12
24.03.2021,24,10.3,736.8,759.6,55,1,10
25.03.2021,20,16.3,735,757.7,65,1,12
26.03.2021,16.4,14.7,738.2,761.2,86,2,16
27.03.2021,23.3,14.2,736.4,759.1,71,1,9
28.03.2021,27.4,13.7,727.6,750,64,1,9
29.03.2021,27,18.6,727.9,750,70,1,12
30.03.2021,23.3,19.3,727.3,749.6,75,1,13
31.03.2021,23.3,16.7,728.1,750.5,73,2,11
01.04.2021,18.2,15.3,734.7,757.6,86,1,12
02.04.2021,16.1,14.3,738.7,761.8,80,2,19
03.04.2021,17.9,13.9,741,764.1,80,1,17
04.04.2021,18.6,14.5,741.3,764.4,68,2,13
05.04.2021,19,15.3,740.5,763.6,76,2,20
06.04.2021,17.5,13.6,741.1,764.2,93,0,19
07.04.2021,17,14.4,740.6,763.7,92,1,13
08.04.2021,22.1,15.1,740.2,763,71,1,26
09.04.2021,19.6,16,739.9,762.9,58,1,11
10.04.2021,17.3,13.8,740.6,763.7,75,2,13
11.04.2021,18.8,14.3,740.9,764,79,1,13
12.04.2021,20.9,14.8,740.7,763.6,80,1,24
13.04.2021,21.2,16.2,738.6,761.4,78,3,15
14.04.2021,20.8,17.3,737.8,760.6,81,2,26
15.04.2021,19.5,17.2,739.7,762.6,81,1,20
16.04.2021,18.5,15.3,742.6,765.8,91,1,21
17.04.2021,18.8,15.7,740.2,763.2,87,1,23
18.04.2021,16.9,15.2,738.7,761.7,84,1,31
19.04.2021,20.6,15.7,734.1,756.8,74,2,33
20.04.2021,19.9,15.6,735.9,758.7,85,1,43
21.04.2021,25,17.3,736,758.6,82,1,31
22.04.2021,27,16.4,729.9,752.1,65,1,32
23.04.2021,24.6,22.4,729,751.1,76,1,33
24.04.2021,22.6,18.4,737.5,760.3,89,1,32
25.04.2021,19.7,16.9,741.5,764.5,95,1,37
26.04.2021,24,16.4,739.5,762.2,75,1,46
27.04.2021,26.6,18.7,739.9,762.4,69,1,57
28.04.2021,22.8,19.2,743.1,765.9,76,1,72
29.04.2021,29.5,16.6,734.4,756.7,62,2,56
30.04.2021,32.1,19.3,733.9,755.9,60,1,68
01.05.2021,36,21.7,730.9,752.7,62,1,62
02.05.2021,35.8,23.5,728.7,750.4,70,5,47
03.05.2021,26.5,20.3,733.6,755.9,87,1,57
04.05.2021,26.7,21.5,739.2,761.7,72,1,63
05.05.2021,20.6,15.8,739.1,762.1,83,1,47
06.05.2021,18.8,17,739.6,762.5,91,2,74
07.05.2021,24.9,17.7,736.8,759.4,78,0,75
08.05.2021,28.9,18.1,733.2,755.5,74,2,56
09.05.2021,32.9,19.3,727.6,749.4,62,1,55
10.05.2021,27.4,21.8,729.7,751.9,80,2,44
11.05.2021,22.6,20.4,732.7,755.2,89,2,55
12.05.2021,28.7,20.2,730.3,752.4,75,2,50
13.05.2021,25.4,22.6,727.9,750.1,85,1,48
14.05.2021,30.1,21.6,724.3,746.2,76,2,81
15.05.2021,25.6,20.1,732.1,754.4,82,2,72
16.05.2021,27.9,19.6,736.2,758.7,60,2,51
17.05.2021,26,20,736.6,759.1,65,1,63
18.05.2021,27.2,19.5,732.7,754.9,63,1,82
19.05.2021,27,20.8,734.1,756.3,75,1,90
20.05.2021,25.1,21.8,733.2,755.5,78,1,76
21.05.2021,24.4,21.7,731.7,754,78,1,65
22.05.2021,22.8,21.1,732.7,755.2,91,2,62
23.05.2021,21.3,18.3,740.2,763.1,83,1,63
24.05.2021,19,17.4,738.8,761.6,92,1,63
25.05.2021,21.2,18.3,734,756.6,89,2,109
26.05.2021,22.3,18.5,737.5,760.2,86,0,99
27.05.2021,25,19.4,734.8,757.3,80,1,97
28.05.2021,26.3,21.5,734.5,757,83,1,95
29.05.2021,23.5,18.8,734.8,757.4,88,1,88
30.05.2021,27.4,20.2,730.6,752.8,73,1,90
31.05.2021,31.1,22.6,729.9,751.9,77,1,88
01.06.2021,30.6,23.5,731.1,753.1,68,1,92
02.06.2021,26.2,23.5,731.6,753.7,81,1,123
03.06.2021,24.4,19,738.9,761.6,82,2,105
04.06.2021,30,19.3,733.5,755.8,57,1,101
05.06.2021,31.5,19.3,730.7,752.8,63,1,86
06.06.2021,32.5,20.2,730.4,752.2,66,1,108
07.06.2021,30.3,25.8,734.1,756,59,1,123
08.06.2021,27.3,24.7,734.5,756.7,70,1,103
09.06.2021,22.8,20.6,735.5,758,87,1,87
10.06.2021,26.4,21.4,733.3,755.6,84,1,84
11.06.2021,30.9,21.1,733.2,755.2,74,1,78
12.06.2021,34.1,24.1,729.9,751.6,71,2,82
13.06.2021,36,27.1,725.8,747.1,52,2,115
14.06.2021,36.1,28.2,724.3,745.7,65,2,72
15.06.2021,35.3,28.7,724.3,745.8,74,2,105
16.06.2021,36.3,28.7,727,748.3,75,1,81
17.06.2021,28.3,21.9,732,754.3,80,2,87
18.06.2021,23.1,20.2,731.9,754.3,85,0,85
19.06.2021,27,21.4,730.6,752.8,74,2,93
20.06.2021,28.1,22.7,731.1,753.1,77,2,105
21.06.2021,28.2,23.8,732.4,754.4,90,0,92
22.06.2021,32.2,22.6,731.2,752.9,67,1,79
23.06.2021,35.7,26.2,730.3,751.9,54,1,84
24.06.2021,29.9,25.7,730.6,752.5,80,2,97
25.06.2021,27.3,24.9,730.5,752.5,82,1,78
26.06.2021,30.8,24.6,729,750.9,81,2,85
27.06.2021,26.9,24.3,729.3,751.3,89,1,83
28.06.2021,29.5,25,729,750.9,84,1,99
29.06.2021,29.6,25.1,728.8,750.8,72,1,100
30.06.2021,32.4,24.3,728,749.7,77,1,84
01.07.2021,27.3,23.9,728.5,750.5,92,1,70
02.07.2021,28.2,22.7,729.7,751.8,89,1,71
03.07.2021,31.2,24.3,729.7,751.5,76,0,91
04.07.2021,28.7,25.2,730.7,752.7,88,1,96
05.07.2021,29.4,23.4,731.2,753.2,82,1,89
06.07.2021,29.9,25.5,732,753.9,81,1,84
07.07.2021,33.7,26.1,732.1,753.8,73,1,69
08.07.2021,26.9,25,732.5,754.6,92,1,88
09.07.2021,30.7,25.2,729.4,751.2,83,1,77
10.07.2021,33.7,26,728.7,750.4,81,1,86
11.07.2021,30.5,26.4,729.6,751.4,89,1,93
12.07.2021,32.5,24.2,728.2,750.1,76,2,86
13.07.2021,37.1,26.5,726.5,748,71,1,102
14.07.2021,37.8,29.1,726,747.3,67,1,86
15.07.2021,36.6,30.1,729,750.5,75,2,89
16.07.2021,28.4,24,732.4,754.6,92,1,79
17.07.2021,33.4,24.9,730.6,752.5,77,1,77
18.07.2021,33,26.1,730.6,752.4,77,2,73
19.07.2021,32.1,23.4,729.9,751.7,81,0,72
20.07.2021,34.2,26.2,729.9,751.6,82,0,71
21.07.2021,35.3,26.2,730.1,751.8,81,1,61
22.07.2021,35.9,26,729,750.6,64,1,59
23.07.2021,36.3,28.1,728.1,749.5,67,1,46
24.07.2021,33.3,29.6,729.6,751.2,69,2,54
25.07.2021,34.9,26.6,728.8,750.4,65,1,61
26.07.2021,37.8,27.9,727.6,749,65,2,60
27.07.2021,35.5,27.9,727.5,749.1,68,1,54
28.07.2021,34.7,27.6,727.6,749.1,63,1,43
29.07.2021,38.2,27.9,727.6,749.1,54,1,34
30.07.2021,37.6,28.4,726.6,747.9,58,2,23
31.07.2021,37.5,28.9,727.5,748.9,43,1,25
01.08.2021,39.4,27.9,726.4,747.7,53,1,34
02.08.2021,40.3,29.8,726.6,747.8,51,1,29
03.08.2021,40.7,30.8,728.6,749.8,45,1,18
04.08.2021,39.6,31.4,727.4,748.6,52,1,29
05.08.2021,38.1,31,728.2,749.5,59,1,18
06.08.2021,38.2,29.6,727.2,748.6,58,2,16
07.08.2021,31.9,28.3,729.6,751.3,82,1,22
08.08.2021,28.9,26,730.7,752.6,94,1,12
09.08.2021,30.3,25.9,729.4,751.3,79,0,9
10.08.2021,31.4,25.6,730.6,752.5,94,0,7
11.08.2021,31.9,25.9,731.7,753.4,79,1,11
12.08.2021,28.8,26.6,730.9,752.8,87,1,12
13.08.2021,26.9,23.9,731,753.1,90,1,7
14.08.2021,24.2,22.7,733,755.2,89,1,8
15.08.2021,30,23.6,733.4,755.5,75,1,15
16.08.2021,34.5,25.3,732,753.7,61,1,14
17.08.2021,34.4,27.7,731.6,753.3,70,1,4
18.08.2021,35.3,27.2,730.9,752.6,75,0,8
19.08.2021,36.8,27.1,729.9,751.4,65,1,11
20.08.2021,36.4,29.1,730.3,751.7,69,1,14
21.08.2021,36.6,30.3,726.5,747.9,72,1,15
22.08.2021,33.5,23.5,729.7,751.5,93,0,10
23.08.2021,27.3,22.1,731.1,753.2,84,1,13
24.08.2021,31.8,24.2,731.7,753.6,74,1,10
25.08.2021,27.3,24.1,733,755.2,63,1,8
26.08.2021,20.9,20.2,738.6,761.2,91,1,6
27.08.2021,23.5,20.3,735.8,758.2,87,1,9
28.08.2021,22.4,20.6,734.8,757.3,91,1,14
29.08.2021,23.4,21.1,735.1,757.5,94,1,8
30.08.2021,31.7,21.9,732.8,754.9,82,1,10
31.08.2021,30.4,24.6,734.5,756.5,77,1,7
01.09.2021,32.7,25.8,734.3,756.3,78,1,10
02.09.2021,35.2,26.9,730.5,752.2,76,1,6
03.09.2021,36.2,27.4,727.8,749.2,61,1,9
04.09.2021,32,25.3,733,754.9,89,1,9
05.09.2021,31.2,24.3,735.3,757.3,75,2,17
06.09.2021,24.7,22.1,741,763.6,85,1,10
07.09.2021,29.4,22.4,738.1,760.4,81,1,13
08.09.2021,30.2,22.7,736.8,759,74,1,23
09.09.2021,25.1,21,737.9,760.5,81,1,10
10.09.2021,32,21.4,734.5,756.6,73,1,9
11.09.2021,30.2,22.9,732,754,95,1,8
12.09.2021,28.6,22.7,733.7,755.8,82,1,15
13.09.2021,33.2,24.6,735,757,72,0,14
14.09.2021,32.1,25.7,735.7,757.6,57,1,13
15.09.2021,32.5,26.7,733.8,755.6,59,0,8
16.09.2021,28.1,23,735.1,757.4,86,1,11
17.09.2021,26.1,22.5,734.2,756.4,83,1,18
18.09.2021,25.4,22,734.4,756.7,92,1,16
19.09.2021,26.6,20.6,737.5,760,88,1,18
20.09.2021,30.6,21.3,735.4,757.6,73,1,15
21.09.2021,32.8,21.5,732.4,754.3,68,1,19
22.09.2021,35.8,23.5,731.2,753,67,1,17
23.09.2021,35.7,26.1,733,754.7,66,1,19
24.09.2021,36,27.4,732.3,753.8,42,2,17
25.09.2021,36.6,30.1,732.3,753.9,58,1,14
26.09.2021,35.6,27.6,734.7,756.5,68,2,33
27.09.2021,28.1,23.7,734.5,756.7,74,1,27
28.09.2021,26,23,736.6,759.1,84,1,31
29.09.2021,30.9,21.6,734.9,757,70,1,22
30.09.2021,32.6,22.7,733.9,755.9,66,1,27
01.10.2021,33.2,23.7,734,755.9,61,1,20
02.10.2021,34.2,26.6,728.2,749.9,68,1,22
03.10.2021,36.1,26.5,729.3,750.8,49,1,35
04.10.2021,36.2,27.9,732.3,753.8,45,1,21
05.10.2021,30.3,22.5,735.7,757.9,74,2,31
06.10.2021,23.4,19.7,737.4,760,83,1,24
07.10.2021,19.8,19,737.9,760.6,87,1,25
08.10.2021,25,19.3,736.9,759.4,83,2,25
09.10.2021,27.4,20.3,739.7,762.1,79,1,31
10.10.2021,21.1,15.2,743.8,766.9,93,1,9
11.10.2021,17.7,14.2,742.3,765.4,93,1,18
12.10.2021,20.6,16.3,742.6,765.4,85,1,17
13.10.2021,23.7,18.8,742.4,765.1,90,1,30
14.10.2021,20.8,18.6,742.4,765.3,91,1,34
15.10.2021,16.8,15.1,746.5,769.9,88,1,22
16.10.2021,15.6,14.4,750.7,774.2,96,1,13
17.10.2021,17.6,14.4,745.2,768.4,72,1,22
18.10.2021,17.2,14.9,744,767.2,82,1,23
19.10.2021,16.5,15,740.7,763.8,95,1,23
20.10.2021,15.4,14.7,744.7,768.1,93,2,12
21.10.2021,18.6,14,746.6,769.9,94,1,17
22.10.2021,18.7,14.2,746.2,769.4,80,1,24
23.10.2021,20.3,13.4,745.7,769,73,1,20
24.10.2021,22.6,13.7,744.3,767.2,66,1,20
25.10.2021,18.5,17.1,739.9,762.9,78,1,30
26.10.2021,17.2,16,744.1,767.3,86,1,34
27.10.2021,17.1,15.7,744.1,767.3,90,1,19
28.10.2021,18.2,15.6,744.6,767.8,86,1,25
29.10.2021,19.6,15.1,745.3,768.5,91,1,23
30.10.2021,20.7,14.2,742.9,766,82,1,25
31.10.2021,18.9,15.6,744.1,767.2,91,1,25
01.11.2021,16.1,15.5,744.9,768.1,95,1,34
02.11.2021,17.6,15.3,742.6,765.7,89,1,26
03.11.2021,16.9,15.8,739.8,762.8,91,1,21
04.11.2021,17.8,16.1,736.2,759.1,88,1,35
05.11.2021,19.7,15.9,735.7,758.5,89,0,31
06.11.2021,20,14,739.8,762.9,70,3,14
07.11.2021,11.8,8.2,752.8,776.8,52,1,20
08.11.2021,13.1,8.8,748.1,771.9,56,1,21
09.11.2021,12.4,9.4,749.2,773,77,1,23
10.11.2021,15.6,7.1,744.8,768.4,74,1,21
11.11.2021,11.4,10,747.8,771.6,84,1,29
12.11.2021,13.7,10,747.7,771.4,88,0,21
13.11.2021,13.5,8.6,745.6,769.3,83,0,15
14.11.2021,12.7,8.3,744.1,767.7,75,1,11
15.11.2021,14,10.5,743.2,766.7,77,1,21
16.11.2021,12.6,10.7,746.8,770.5,87,1,18
